ID,Latitude,Longitude,Easting,Northing,Zone,Block,Subzone,Village,SamplingTime,LU,Lu,Geo,Geogy,Taxo,Taxom,Sand,Clay,Silt,Textural Class,Texture,EC,pH,Rain,Temp,Hshde,TPI,TRI,Alt,Slope,LS Factor,Aspect,TWI,NvOp,PvOp,B11,B12,B2,B3,B4,B5,SOCI*B5,SOCI*B4,SOCI*B12,SOCI*BI2,B5*B3,B5*BI2,B4*B3,B5*B6,B6,B7,B8,B8A,B9,BI2,BR,BR2,BSI,CI,CI*BSI,CI*B4,CI*B3,CLAYI,EVI2,GNDVI,HBSI,HI,IPVI,MSAVI2,NDMI,NDSI,NDVI,NDWI,OSAVI,PVI,RVI,SAVI,SOCI,composite_method,date_range,SOC
635,15.25929991,37.81739123,373007.41,1687351,Gash Barka,2,Mogolo,Gifate,1,CG,0.65,Intrusives_5,1,Leptosols,1,48.4,21.3,30.3,Loam,3,0.3,8.34,434.47638,27.30829,171,-0.35809,4.39022,777.81549,5.87395,0.74914,111.27516,6.23584,88.7872,86.12661,0.463065147,0.38073084,0.129366062,0.192614391,0.26843064,0.302344281,0.756486696,0.671632377,0.95261539,0.823394175,0.05823586,0.099497006,0.051703604,0.094804358,0.313564252,0.331142941,0.327778474,0.342743807,0.342053641,0.329085126,-0.074737714,0.097576083,0.173565851,0.164444347,0.028541923,0.044141901,0.031674348,1.216253317,0.075237667,0.259734695,0.112762591,3.397415058,0.549770988,0.075102225,-0.171066277,0.412473991,0.099541976,-0.259734695,0.078480717,0.041965255,1.221091873,0.08120873,2.502070466,Weighted_Average,2023-01-01 to 2023-12-31,0.29
638,15.28637867,37.81680492,372960.74,1690347,Gash Barka,2,Mogolo,Gifate,1,CG,0.65,AlluvElluvSedts_01,1,Leptosols,1,43.6,24.7,31.7,Loam,3,0.12,8.63,419.09915,27.92034,181,-0.14197,1.53506,715.27441,1.91015,0.26684,30.98521,7.35919,89.80583,87.07173,0.441343902,0.349712539,0.139836591,0.202502938,0.274413433,0.306913562,0.772325207,0.690541044,0.880025657,0.867266097,0.062150898,0.105775313,0.055569526,0.099173055,0.323130246,0.341583468,0.348204087,0.353573393,0.36025089,0.34464203,-0.002161364,0.115834167,0.122360525,0.150782191,0.018449788,0.041376659,0.030533837,1.262019097,0.091925937,0.264571073,0.061691344,3.295027489,0.559258414,0.091983969,-0.117965997,0.370959286,0.118516827,-0.264571073,0.094286994,0.052177871,1.26890321,0.098596341,2.516425804,Weighted_Average,2023-01-01 to 2023-12-31,0.24
632,15.29126873,37.81676408,372959.3,1690888,Gash Barka,2,Mogolo,Gifate,1,CG,0.65,AlluvElluvSedts_01,1,Leptosols,1,70.7,9.8,19.5,sandy Loam,2,0.08,8.53,415.48416,28.01099,181,-0.28253,1.71068,711.98206,1.9798,0.27533,38.74671,7.32337,89.59083,87.66093,0.476039965,0.403651898,0.130840468,0.200368768,0.282598249,0.316189264,0.730616902,0.652998317,0.932716359,0.818706426,0.063354453,0.112029584,0.056623863,0.107250594,0.339197455,0.362198045,0.362028004,0.375743861,0.382113433,0.35431179,-0.054362005,0.082287981,0.164005276,0.170258997,0.027923374,0.048114894,0.034114585,1.179332904,0.0973278,0.287446947,0.101334028,3.365352809,0.561609153,0.097676796,-0.136041426,0.407551208,0.123218306,-0.287446947,0.098716335,0.056165318,1.281069523,0.104090425,2.310694843,Weighted_Average,2023-01-01 to 2023-12-31,0.17
187,15.47879229,37.72475773,363202,1711690,Gash Barka,1,Dghe,Mogoraib,1,RF,0.92,AlluvElluvSedts_01,1,Fluvisols,2,23,25,52,Silty Loam,3,0.83,8.64,350.14999,28.89875,179,0.13275,1.2088,597.78815,1.60917,0.23014,195.54736,7.53065,89.02923,89.16012,0.41913408,0.393020593,0.115808754,0.171754938,0.235687198,0.263837549,0.754801519,0.674267388,1.124375745,0.810063788,0.045315402,0.074706719,0.04048044,0.070638424,0.267734537,0.281076691,0.274416516,0.288722021,0.30846202,0.283154232,-0.177700752,0.032153342,0.234051215,0.156911263,0.036725272,0.036981976,0.026950284,1.06644305,0.052619474,0.230094456,0.182774989,3.285491349,0.537962199,0.051739337,-0.208661869,0.418655846,0.075924399,-0.230094456,0.057796005,0.027385763,1.164325081,0.057512883,2.860857077,Weighted_Average,2023-01-01 to 2023-12-31,0.39
193,15.49308747,37.7429401,365162,1713260,Gash Barka,2,Dghe,Mogoraib,1,CG,0.65,AlluvElluvSedts_01,1,Fluvisols,2,15,28,57,Silty Clay Loam,4,0.28,8.71,346.72751,28.89143,187,-0.12347,2.58965,595.72369,3.48753,0.45902,321.20081,6.75717,89.22758,88.99788,0.397518583,0.373782793,0.110307761,0.160992701,0.221688908,0.251579045,0.777553683,0.685172435,1.155247995,0.828928362,0.04050239,0.067473858,0.035690296,0.064554558,0.256597516,0.268277069,0.262296372,0.275690096,0.278285681,0.268201425,-0.175271298,0.03077369,0.230217056,0.15860759,0.036514172,0.035161543,0.025534664,1.063501557,0.056576851,0.239325033,0.178724931,3.395039158,0.541951135,0.055273861,-0.204939596,0.423493471,0.08390227,-0.239325033,0.063056509,0.028713813,1.183173187,0.061902548,3.090693356,Weighted_Average,2023-01-01 to 2023-12-31,0.18
196,15.49923687,37.76268368,367284,1713928,Gash Barka,2,Dghe,Mogoraib,1,CG,0.65,AlluvElluvSedts_01,1,Fluvisols,2,39,7,54,Silty Loam,3,0.42,8.26,343.74304,28.88542,183,-0.1579,1.24436,591.94104,1.45898,0.21183,343.15573,7.62863,89.62425,88.81866,0.400092718,0.381705952,0.110398763,0.163562196,0.226866893,0.25485178,0.758224511,0.674965029,1.135635815,0.811838467,0.041684117,0.069541995,0.037106847,0.066100534,0.259368538,0.271640681,0.265889869,0.27832889,0.281140864,0.272872316,-0.178840072,0.023518543,0.235854706,0.162141343,0.038241799,0.036784503,0.026520194,1.048169974,0.05388811,0.238274957,0.18336311,3.381512726,0.539596591,0.052769024,-0.201511048,0.419637114,0.079193181,-0.238274957,0.059781802,0.027593411,1.172008243,0.058961536,2.975158781,Weighted_Average,2023-01-01 to 2023-12-31,0.33
184,15.51616559,37.70876427,361511,1715835,Gash Barka,1,Dghe,Mogoraib,1,RF,0.92,AlluvElluvSedts_01,1,Fluvisols,2,40,6,54,Silty Loam,3,0.42,8.93,336.20001,29.02746,181,-0.04138,0.65707,569.60309,0.86783,0.13973,243.20366,8.14813,89.64934,89.40433,0.449719871,0.416503161,0.134571075,0.201300732,0.266463508,0.297350742,0.745997984,0.66850763,1.044929353,0.826629277,0.059856922,0.097974077,0.053639299,0.090792802,0.30533908,0.324017248,0.324965309,0.34037429,0.338555693,0.329489937,-0.123454814,0.038346602,0.19556209,0.139306879,0.027243144,0.0371202,0.028042577,1.079751398,0.07444956,0.234984908,0.146905776,2.953037953,0.549458024,0.074256205,-0.161039046,0.381584144,0.098916048,-0.234984908,0.077854083,0.04136702,1.219549017,0.080401672,2.50881494,Weighted_Average,2023-01-01 to 2023-12-31,0.27
266,15.51861324,37.84209154,375814,1716024,Gash Barka,2,Akordat,Tekreret,1,CG,0.65,Intrusives_5,1,Leptosols,1,31,19.5,49.5,Loam,3,0.13,8.96,338.77499,28.95229,184,0,1.42532,605.6889,1.84622,0.25904,309.72433,7.39323,89.40277,87.31671,0.492519015,0.433663414,0.1449165,0.212904701,0.295051668,0.332212921,0.766392122,0.680663694,1.000431359,0.84859422,0.070729693,0.122203059,0.062817887,0.115111365,0.346498758,0.368530427,0.371802182,0.388243818,0.389846954,0.367845593,-0.076801831,0.063546445,0.170218928,0.161720519,0.027527893,0.047715909,0.034431059,1.135717238,0.092251487,0.27175579,0.111622889,3.4165066,0.557546727,0.092996675,-0.139666635,0.39637782,0.115093455,-0.27175579,0.092822345,0.054270808,1.260125672,0.098663402,2.306930506,Weighted_Average,2023-01-01 to 2023-12-31,0.22
267,15.52649011,37.83592223,375157,1716899,Gash Barka,2,Akordat,Tekreret,1,CG,0.65,Intrusives_5,1,Leptosols,1,32,24.7,53.3,Silty Loam,3,0.23,8.45,332.10861,28.98271,185,0.25812,2.97793,591.82751,3.90749,0.51015,0.45793,6.64347,88.81272,88.48782,0.409044976,0.370472225,0.139374949,0.202635765,0.271411752,0.303989723,0.770369135,0.687810215,0.938848737,0.823745461,0.06159919,0.098812517,0.054997728,0.09413175,0.309654384,0.322311776,0.310792898,0.327362794,0.326277315,0.325052164,-0.087600737,0.049482873,0.17555589,0.145082476,0.025470083,0.039377089,0.029398899,1.104117793,0.050175218,0.210656594,0.120143697,3.17436296,0.533820707,0.05012028,-0.136491953,0.337445986,0.067641415,-0.210656594,0.053059687,0.027846676,1.145097424,0.05458461,2.534194668,Weighted_Average,2023-01-01 to 2023-12-31,0.26
268,15.53212803,37.84231448,375846,1717519,Gash Barka,2,Akordat,Tekreret,1,CG,0.65,AlluvElluvSedts_01,1,Leptosols,1,24.9,19.4,55.7,Silty Loam,3,0.5,8.52,328.51251,28.99847,179,0.16461,1.92571,594.97522,2.50142,0.3389,198.87262,7.08951,88.49805,88.47729,0.450436217,0.413732731,0.151774151,0.231919254,0.323413286,0.344059943,0.6962052,0.654426696,0.837188068,0.781755906,0.079794125,0.132923612,0.075005768,0.119795792,0.348182909,0.365427299,0.374342387,0.369081809,0.370634577,0.386338528,-0.04998298,0.042472582,0.167051163,0.164755396,0.027522581,0.053284084,0.038209949,1.088713035,0.059205173,0.234920246,0.102012849,3.283209567,0.536494939,0.060329852,-0.092259703,0.32023919,0.072989878,-0.234920246,0.059374835,0.036012313,1.157473745,0.063780664,2.023499726,Weighted_Average,2023-01-01 to 2023-12-31,0.24
169,15.55409086,37.63063573,353157,1720083,Gash Barka,1,Dghe,AdeBrihim,1,RF,0.92,AlluvElluvSedts_01,1,Fluvisols,2,58.2,17.7,24.1,Sandy Loam,2,0.24,7.56,326.68027,29.08822,180,0.26141,0.82006,552.86047,0.28852,0.11294,121.12312,9.24936,89.27029,89.76674,0.408602714,0.354915139,0.093382352,0.154077261,0.216662404,0.262972865,0.735620194,0.60607485,0.992812484,0.83417072,0.040518139,0.078419339,0.03338275,0.08003623,0.304351666,0.327837411,0.327365006,0.345643329,0.35712257,0.298203157,-0.040379504,0.07031607,0.151996775,0.168811565,0.025658813,0.036575119,0.026010024,1.151268765,0.14981232,0.359934632,0.094913702,3.06228643,0.601743589,0.14683018,-0.110382163,0.452344965,0.203487178,-0.359934632,0.157241892,0.078278561,1.51094514,0.159051287,2.797323572,Weighted_Average,2023-01-01 to 2023-12-31,0.34
1161,15.56341597,36.93972852,279055,1721710,Gash Barka,1,Forto Sawa,Badob,1,IF,0.96,AlluvElluvSedts_01,1,Fluvisols,2,53.2,18,28.8,Sandy Loam,2,0.11,7.22,323.33334,28.17264,182,0.19501,1.12426,700.03522,1.33206,0.19635,16.69128,7.71964,89.16027,89.26239,0.329824963,0.277318565,0.073475447,0.118790126,0.150939802,0.196002169,0.803191294,0.618531598,1.136415266,1.032777423,0.023283122,0.049398015,0.017930158,0.048699858,0.248465915,0.275529912,0.300236918,0.294706155,0.314499145,0.2520279,0.039681646,0.086481029,0.068014955,0.119192096,0.008106845,0.017990831,0.014158844,1.189336033,0.224507962,0.433019286,0.029092901,2.418951905,0.665453036,0.215613199,-0.046960538,0.470414039,0.330906071,-0.433019286,0.244278146,0.105569003,1.989116945,0.235440659,4.097869416,Weighted_Average,2023-01-01 to 2023-12-31,0.48
261,15.60479062,37.44495901,333283,1725829,Gash Barka,2,Dghe,Hawashayt/Dirfa,1,CG,0.65,AlluvElluvSedts_01,1,Fluvisols,2,32.7,31.6,35.7,Clay Loam,4,0.06,8.67,317.66666,29.08322,182,0.18036,2.4643,540.5304,3.27415,0.43304,29.53424,6.82031,88.93693,89.30608,0.455788801,0.406544172,0.117590212,0.177051063,0.25539176,0.303818614,0.790096491,0.664159877,1.057239777,0.842721021,0.053791409,0.098453793,0.045217383,0.097511053,0.320951544,0.34125209,0.336824322,0.354611045,0.36466109,0.324054512,-0.093789083,0.057106282,0.185892695,0.181158508,0.033676043,0.04626639,0.032074306,1.121129838,0.104413329,0.310918296,0.12445037,3.635034502,0.568752407,0.103741911,-0.150091482,0.440455404,0.137504815,-0.310918296,0.108256875,0.057581517,1.318853524,0.111835786,2.600553272,Weighted_Average,2023-01-01 to 2023-12-31,0.23
1162,15.61352911,36.91971441,276962,1727277,Gash Barka,1,Forto Sawa,Erdt,1,IF,0.96,AlluvElluvSedts_01,1,Fluvisols,2,64.5,12.2,23.3,Sandy Loam,2,0.1,9.34,308.14835,28.29361,183,-0.05267,1.80676,676.5932,2.40115,0.32668,263.15558,7.13042,89.45536,88.87415,0.327917995,0.274054458,0.057615852,0.098361889,0.115818831,0.182200352,0.921478413,0.585753822,1.386030621,1.117480296,0.017921571,0.040258087,0.011392159,0.047104401,0.258530793,0.288562529,0.27304432,0.306479746,0.303577347,0.220955044,-0.001846355,0.089478407,0.082179552,0.081505666,0.006698099,0.009439891,0.008017051,1.196543185,0.253424443,0.470327171,0.059390655,1.856865786,0.702160437,0.240929161,-0.091309677,0.538510296,0.404320874,-0.470327171,0.286456631,0.111175209,2.357512313,0.265325695,5.057500729,Weighted_Average,2023-01-01 to 2023-12-31,0.37
1163,15.62769712,36.92164137,277184,1728843,Gash Barka,1,Forto Sawa,Qandoshi,1,IF,0.96,AlluvElluvSedts_01,1,Fluvisols,2,70,11.6,18.4,Sandy Loam,2,0.31,9.72,306.26666,28.33568,185,0.10291,1.92758,674.55072,2.63584,0.35528,282.24365,7.03717,89.00227,89.13318,0.342436952,0.298319005,0.069960929,0.110974907,0.142190637,0.194208283,0.86104832,0.63042115,1.322637088,0.953655676,0.021552246,0.041773376,0.015779593,0.046590195,0.239898083,0.26065957,0.24494643,0.276153403,0.283309793,0.215095747,-0.09824401,0.068852963,0.166268806,0.123301651,0.020501218,0.01753234,0.013683389,1.147888487,0.161952366,0.376407674,0.130331936,2.522199523,0.632712419,0.153817344,-0.165974258,0.510489612,0.265424838,-0.376407674,0.18780631,0.072659318,1.722662165,0.173742814,4.433633346,Weighted_Average,2023-01-01 to 2023-12-31,0.36
1164,15.64344457,36.92147309,277183,1730586,Gash Barka,1,Forto Sawa,Dewdember,1,IF,0.96,AlluvElluvSedts_01,1,Fluvisols,2,52.5,17.7,29.7,Sandy Loam,2,0.13,9.37,301.95694,28.37586,181,-0.07214,2.19448,664.539,2.93884,0.3922,39.65626,6.92835,89.38789,88.87502,0.237795817,0.167722999,0.037961848,0.073593352,0.076432018,0.13271831,0.895703505,0.515832566,1.131946888,1.613989183,0.009767185,0.03173935,0.005624888,0.035518957,0.267626652,0.312981244,0.321132258,0.338756483,0.299247676,0.23914824,0.313813254,0.172797946,-0.19053337,0.018921242,-0.003605128,0.001446189,0.001392478,1.417788968,0.406595216,0.627116406,-0.196162064,1.159334629,0.80774928,0.39118144,0.149100473,0.52732234,0.615498561,-0.627116406,0.438873597,0.173029199,4.201540996,0.408940473,6.7489068,Weighted_Average,2023-01-01 to 2023-12-31,0.22
1166,15.64847131,36.92273715,277324,1731141,Gash Barka,1,Forto Sawa,Dewdember,1,IF,0.96,AlluvElluvSedts_01,1,Fluvisols,2,72,11.6,16.4,Sandy Loam,2,0.1,9.51,301.01083,28.39125,179,-0.04218,0.62285,661.75281,0.83487,0.13571,103.62988,8.18684,89.49506,89.27148,0.331804883,0.280257692,0.064732544,0.114716041,0.147282359,0.19252431,0.737621164,0.564285025,1.073755335,0.937195117,0.022085627,0.047094241,0.016895649,0.050269137,0.2611054,0.28702334,0.291239864,0.305494195,0.314954515,0.244614515,0.019216481,0.084218825,0.091342061,0.124299682,0.011353789,0.01830715,0.014259167,1.183927837,0.218817977,0.434834967,0.051936248,2.303082806,0.66413935,0.209737058,-0.065107714,0.48617843,0.328278699,-0.434834967,0.24052157,0.101793328,1.977425306,0.230081134,3.831314414,Weighted_Average,2023-01-01 to 2023-12-31,0.23
1174,15.65159092,36.91347367,276334,1731496,Gash Barka,1,Forto Sawa,Embayb,1,IF,0.96,AlluvElluvSedts_01,1,Fluvisols,2,58.2,15.4,26.4,Sandy Loam,2,0.3,8.78,302.1189,28.37564,183,-0.07861,1.29373,665.67072,1.55608,0.22367,270.61804,7.5642,89.33867,89.07784,0.430135224,0.392905271,0.101199597,0.159881093,0.242064017,0.274005705,0.716491502,0.632967884,1.027399367,0.764475712,0.043808332,0.080107257,0.03870146,0.078428534,0.286229566,0.302128811,0.294596844,0.319232648,0.329875335,0.292356163,-0.142993636,0.045234656,0.232034147,0.20446305,0.047442409,0.049493147,0.032689776,1.094755546,0.070023211,0.29641868,0.16549944,3.80098254,0.548944157,0.069118733,-0.187018605,0.458045181,0.097888315,-0.29641868,0.075406601,0.037146318,1.21702039,0.076012555,2.614878046,Weighted_Average,2023-01-01 to 2023-12-31,0.26
1165,15.65977823,36.93168747,278296,1732383,Gash Barka,1,Forto Sawa,Mymlih,1,IF,0.96,AlluvElluvSedts_01,1,Fluvisols,2,64,15.6,20.4,Sandy Loam,2,0.1,9.47,298.73361,28.42306,179,-0.3266,1.23578,656.14777,0.8006,0.13153,101.13575,8.22877,89.69498,88.978,0.316953791,0.257112129,0.081811572,0.132035315,0.171516911,0.202617667,0.731972886,0.619618862,0.928838585,0.966087514,0.026752687,0.054184628,0.022646289,0.055537391,0.274099448,0.30083772,0.310127016,0.320353119,0.285238925,0.267423018,0.093461264,0.104241796,0.044713501,0.130065249,0.005815673,0.02230839,0.017173206,1.232745389,0.201261344,0.402774476,-0.003573415,2.572228329,0.643892715,0.194427761,-0.010886595,0.411855151,0.287785431,-0.402774476,0.216023404,0.098012145,1.808142498,0.211803029,3.612581749,Weighted_Average,2023-01-01 to 2023-12-31,0.21
1173,15.67226618,36.91937241,276989,1733778,Gash Barka,1,Forto Sawa,Embayb,1,IF,0.96,AlluvElluvSedts_01,1,Fluvisols,2,48.4,21.9,29.7,Loam,3,0.12,9.24,298.18332,28.44972,175,0.12061,2.78277,653.86218,3.70361,0.48533,93.60303,6.69706,88.7831,88.68879,0.334160808,0.28061607,0.073769962,0.121967911,0.167042681,0.2051452,0.742793137,0.604830905,1.016059312,0.888643411,0.025021131,0.050348016,0.020373847,0.051255718,0.249850927,0.271008098,0.278726846,0.288996119,0.321586684,0.245426245,-0.003377576,0.087096214,0.118929303,0.155962347,0.018548493,0.026052369,0.019022402,1.190811376,0.166233356,0.391217835,0.066333528,2.870402016,0.625271198,0.159818799,-0.090447183,0.465203984,0.250542395,-0.391217835,0.18436742,0.078972631,1.668596579,0.177132211,3.620816556,Weighted_Average,2023-01-01 to 2023-12-31,0.3
232,15.68781056,37.54043373,343584,1734942,Gash Barka,2,Dghe,Hawashayt/Himbol,1,CG,0.65,AlluvElluvSedts_01,1,Fluvisols,2,56,22.9,21.1,Sandy clay loam,4,0.07,7.7,295.9675,29.10235,178,-0.01358,1.89133,508.47372,2.5189,0.34103,192.23364,7.08254,89.13301,88.93666,0.324832859,0.297628928,0.123899644,0.175573563,0.234366322,0.239912759,0.722385589,0.705685076,0.896170964,0.841925073,0.042122338,0.067082781,0.04114853,0.057759181,0.24075077,0.249713374,0.265731945,0.253861222,0.272222677,0.279613229,-0.056619095,0.043703778,0.154469961,0.143418002,0.022153773,0.03361235,0.02518041,1.091402176,0.042891139,0.204299244,0.096856284,3.275529301,0.531359459,0.042120056,-0.10007524,0.29827614,0.062718919,-0.204299244,0.047516596,0.022178844,1.133831611,0.047043811,3.011034478,Weighted_Average,2023-01-01 to 2023-12-31,0.2
1172,15.69079692,36.94119649,279349,1735806,Gash Barka,1,Forto Sawa,Kurmud,1,IF,0.96,AlluvElluvSedts_01,1,Fluvisols,2,79.6,9.8,10.6,Sandy Loam,2,0.14,9.34,291.745,28.47996,184,-0.11029,1.6122,641.75214,2.163,0.29766,288.37531,7.23487,89.40067,88.92281,0.344017257,0.300984695,0.082105874,0.129458976,0.173301013,0.194731563,0.712651672,0.634223106,1.101502206,0.917897146,0.025209749,0.048841547,0.022435372,0.047692973,0.244916499,0.26987127,0.281110659,0.289294793,0.282728957,0.250814743,-0.034142235,0.066716949,0.132619557,0.144807899,0.019204359,0.025095356,0.018746682,1.142972592,0.158820777,0.369368971,0.08470519,2.851707119,0.618625524,0.15300671,-0.100629962,0.453155337,0.237251048,-0.369368971,0.175468095,0.076232931,1.62209472,0.169438905,3.65966185,Weighted_Average,2023-01-01 to 2023-12-31,0.26
69,15.69570632,36.95595912,280937,1736334,Gash Barka,2,Forto,Sawa,1,CG,0.65,AlluvElluvSedts_01,1,Fluvisols,2,40,25,35,Loam,3,0.27,8.51,292.69278,28.45264,182,0.34503,1.89226,648.05127,2.10137,0.29015,19.96391,7.26378,88.95378,89.20328,0.387574652,0.29408543,0.102379243,0.147522063,0.201880611,0.23288765,0.800583778,0.693992757,1.010959683,0.922817964,0.034356067,0.062517582,0.029781844,0.060221113,0.258584398,0.278666053,0.285669663,0.303556181,0.305442559,0.268445243,-0.014516071,0.137149328,0.122076142,0.155575652,0.018992075,0.031407708,0.022950841,1.317898178,0.118333876,0.31890637,0.064555141,3.408292133,0.585928628,0.115073872,-0.151364054,0.448615331,0.171857256,-0.31890637,0.129393895,0.059247807,1.415042593,0.127268031,3.437639473,Weighted_Average,2023-01-01 to 2023-12-31,0.33
38,15.69961292,37.23185972,310518,1736500,Gash Barka,2,Dghe,Hawashayt,1,CG,0.65,AlluvElluvSedts_01,1,Fluvisols,2,48,15,37,Loam,3,0.32,7.48,296.6925,28.89826,181,0.18872,0.93784,562.47882,0.89875,0.14351,37.03202,8.11312,89.4136,88.10709,0.474036468,0.407261818,0.118063614,0.173728552,0.252168009,0.291060905,0.784402124,0.679586707,1.097560784,0.852665349,0.05056559,0.092088968,0.043808783,0.087755703,0.301502885,0.320956177,0.326245081,0.343674643,0.345431273,0.316390714,-0.110451226,0.075768501,0.194902259,0.184174902,0.035896104,0.046443018,0.031996439,1.163960006,0.095882805,0.305049146,0.133309079,3.818271647,0.564034748,0.095131691,-0.184674239,0.463606257,0.128069495,-0.305049146,0.100319284,0.0523804,1.293760786,0.10303622,2.694975899,Weighted_Average,2023-01-01 to 2023-12-31,0.21
275,15.70663227,37.60471787,350488,1736978,Gash Barka,2,Dghe,Hawashayt/Dirfa,1,CG,0.65,AlluvElluvSedts_01,1,Fluvisols,2,54.7,16,29.3,Sandy Loam,2,0.05,7.63,303.36917,29.04799,182,-0.09564,0.78799,539.91583,0.88269,0.14155,292.2171,8.13115,89.49656,89.49146,0.511202294,0.455652141,0.164300988,0.243354389,0.337843517,0.359082894,0.71759618,0.675151118,0.910581487,0.808079603,0.087384398,0.145198945,0.082215703,0.130785101,0.364219804,0.379460462,0.391988845,0.392528143,0.392726162,0.404360517,-0.075106438,0.057454515,0.175735942,0.16257651,0.028570536,0.05492542,0.039563707,1.121913513,0.061450202,0.233943557,0.113691636,3.390513895,0.53709436,0.06292103,-0.131991384,0.354973868,0.07418872,-0.233943557,0.060848909,0.038286529,1.160267478,0.066039889,1.998413714,Weighted_Average,2023-01-01 to 2023-12-31,0.12
70,15.70977182,36.958524,281227,1737888,Gash Barka,2,Forto,Sawa,1,CG,0.65,AlluvElluvSedts_01,1,Fluvisols,2,64,17,19,Sandy Loam,2,0.26,8.6,289.3136,28.49033,181,0.33557,1.51542,638.86688,1.42615,0.20782,27.92681,7.65139,88.88464,89.19663,0.395683092,0.321430239,0.088889395,0.13152547,0.187621493,0.23363562,0.841582226,0.675834078,1.157828485,0.921307204,0.030729035,0.05975662,0.024677005,0.060295968,0.258076951,0.279118471,0.279882519,0.303064395,0.311035255,0.255768448,-0.069095026,0.103544098,0.159804101,0.175768624,0.028088547,0.032977972,0.023118051,1.231007677,0.133311765,0.360608088,0.102447324,3.631387708,0.598674047,0.128964174,-0.171412772,0.501049567,0.197348094,-0.360608088,0.147028583,0.065238397,1.491740174,0.143039757,3.602114378,Weighted_Average,2023-01-01 to 2023-12-31,0.38
227,15.71142907,37.55703285,345381,1737543,Gash Barka,2,Dghe,Hawashayt/Himbol,1,CG,0.65,AlluvElluvSedts_01,1,Fluvisols,2,45,18.2,36.8,Silty loam,3,0.05,7.7,295.62418,29.11083,181,0.03461,1.69157,515.33374,2.2892,0.31304,37.04762,7.17817,89.29522,89.32032,0.479506153,0.441764721,0.141276281,0.219099293,0.303004752,0.341081779,0.725834084,0.644804825,0.940090944,0.769626237,0.074730777,0.123355792,0.066388127,0.1180483,0.346099696,0.360909762,0.348970186,0.361494136,0.354335172,0.361660456,-0.117352268,0.040966704,0.206088843,0.160706396,0.033119795,0.048694802,0.035210658,1.085433331,0.055348523,0.228617973,0.148219958,3.156314891,0.535250921,0.05598878,-0.15756149,0.372752404,0.070501841,-0.228617973,0.056609424,0.03250247,1.151698721,0.059852127,2.128035354,Weighted_Average,2023-01-01 to 2023-12-31,0.16
71,15.71880003,36.96158705,281565,1738884,Gash Barka,2,Forto,Sawa,1,CG,0.65,Gneisses_03,2,Fluvisols,2,38,18,44,Loam,3,0.26,8.74,287.20834,28.4941,181,-0.19409,0.88399,631.6347,0.66431,0.11491,249.78076,8.41538,89.78529,88.85134,0.428946587,0.362232138,0.114399139,0.163611368,0.229017994,0.267818022,0.817672651,0.699212655,1.105927489,0.900299858,0.043818073,0.078974577,0.037469947,0.076386922,0.2852195,0.304912655,0.307721078,0.328968069,0.342241929,0.294881487,-0.081365473,0.084322854,0.166898425,0.166586181,0.027802971,0.038151233,0.027255393,1.184175951,0.10593383,0.305749607,0.109416939,3.658145238,0.573315963,0.104153618,-0.164559291,0.447779355,0.146631927,-0.305749607,0.112959194,0.055651485,1.343654588,0.113871108,3.053090472,Weighted_Average,2023-01-01 to 2023-12-31,0.24
1191,15.7243145,36.95511396,280877,1739501,Gash Barka,1,Forto Sawa,Sawa 2,1,IF,0.96,AlluvElluvSedts_01,1,Fluvisols,2,53.9,12.5,33.6,Sandy Loam,2,0.21,9.47,284.20416,28.51456,182,-0.59088,1.89687,628.07666,0.69275,0.11838,299.89307,8.37345,89.63387,88.47659,0.310919162,0.234499661,0.079730257,0.123356734,0.155935965,0.177885925,0.737319286,0.646338907,0.971977533,1.13523979,0.021943427,0.048720887,0.019235751,0.048512808,0.272718645,0.311484867,0.33241055,0.33895832,0.334681143,0.273888374,0.172709693,0.140111594,-0.027044378,0.11664906,-0.003154701,0.018189784,0.014389447,1.325883203,0.258509177,0.458685437,-0.070499492,2.493553126,0.680685824,0.249351244,0.033406491,0.431896933,0.361371648,-0.458685437,0.272191769,0.124786376,2.131711885,0.267833066,4.144899522,Weighted_Average,2023-01-01 to 2023-12-31,0.16
43,15.733003,37.27912911,315615,1740153,Gash Barka,2,Dghe,Hawashayt,1,CG,0.65,AlluvElluvSedts_01,1,Fluvisols,2,23,51,26,Clay  ,4,0.13,7.32,290.10751,29.06714,183,-0.01196,1.18888,536.93036,1.65811,0.23611,1.77894,7.50069,89.57186,89.18447,0.482248009,0.415876956,0.125179996,0.183593503,0.262850389,0.28992058,0.752052305,0.681832386,1.078782415,0.839731563,0.053227535,0.09385351,0.048257624,0.087184862,0.30071981,0.319374348,0.326793899,0.343025668,0.338155743,0.323721449,-0.11994958,0.073899575,0.20054232,0.177529332,0.035602144,0.046663654,0.032593232,1.159593004,0.081659139,0.280571964,0.140279953,3.713649304,0.554222106,0.081340258,-0.192145931,0.448536928,0.108444212,-0.280571964,0.085298469,0.045214889,1.243269603,0.088024382,2.593994207,Weighted_Average,2023-01-01 to 2023-12-31,0.32
1169,15.73374457,36.94708062,280026,1740553,Gash Barka,1,Forto Sawa,Kurmud,1,IF,0.96,AlluvElluvSedts_01,1,Fluvisols,2,53.6,11.6,34.8,Sandy Loam,2,0.15,9.46,283.45001,28.51027,186,0.00739,2.25276,625.71704,3.05096,0.40586,331.4696,6.89091,89.04471,88.79868,0.355872214,0.318699438,0.086597353,0.133380904,0.18424562,0.215672257,0.759990338,0.649248508,1.123039639,0.893210518,0.028766561,0.054668143,0.024574847,0.053245626,0.246882127,0.267388547,0.277065231,0.286079944,0.293203983,0.253477865,-0.069883646,0.055105748,0.160721493,0.160140014,0.025737942,0.029505096,0.02135962,1.116638975,0.134970709,0.350068657,0.108389243,3.17447007,0.600604193,0.130388225,-0.124509908,0.454757062,0.201208385,-0.350068657,0.149393192,0.065633377,1.503781917,0.144832878,3.523820583,Weighted_Average,2023-01-01 to 2023-12-31,0.32
1190,15.74135353,36.95776115,281179,1741384,Gash Barka,1,Forto Sawa,Sawa 1,1,IF,0.96,AlluvElluvSedts_01,1,Fluvisols,2,51.7,12.5,35.8,Loam,3,0.15,9.23,281.57501,28.5293,184,-0.02625,1.81079,619.98389,2.43678,0.33103,351.39771,7.11569,89.31794,88.78214,0.350640037,0.286772394,0.076983569,0.122925204,0.154202964,0.204707403,0.831376859,0.626263506,1.164666879,1.040395804,0.025163699,0.052440613,0.018955431,0.057505995,0.280918002,0.312689124,0.303908816,0.335917893,0.332108247,0.256173504,0.029011286,0.100198302,0.073105404,0.112863881,0.00825096,0.017403945,0.013873816,1.222711964,0.223575591,0.424014029,0.036435085,2.361630294,0.663394458,0.21496257,-0.071394551,0.480852086,0.326788915,-0.424014029,0.242198671,0.105858023,1.970836406,0.234376387,4.061293568,Weighted_Average,2023-01-01 to 2023-12-31,0.23
1171,15.74193195,36.95970525,281388,1741446,Gash Barka,1,Forto Sawa,Kurmud,1,IF,0.96,AlluvElluvSedts_01,1,Fluvisols,2,56.9,12.2,30.9,Sandy Loam,2,0.15,9.28,281.60501,28.52708,184,0.04358,1.84532,619.44556,2.47788,0.33604,280.48328,7.09896,89.26371,88.87785,0.355239219,0.30598182,0.078333187,0.125125576,0.164377481,0.213167696,0.811855572,0.626036573,1.165340951,0.982187573,0.026672731,0.05497414,0.020567827,0.054893639,0.257513875,0.282791603,0.300565631,0.302502416,0.299456017,0.257891513,-0.008929539,0.074494603,0.107694565,0.135583735,0.014601631,0.022286913,0.016964993,1.160981456,0.200858994,0.412129855,0.06445454,2.677704715,0.646456788,0.193499711,-0.083368685,0.479039359,0.292913575,-0.412129855,0.217920874,0.096299564,1.828508553,0.211703904,3.808530034,Weighted_Average,2023-01-01 to 2023-12-31,0.18
1170,15.7472798,36.95667566,281069,1742041,Gash Barka,1,Forto Sawa,Kurmud,1,IF,0.96,AlluvElluvSedts_01,1,Fluvisols,2,48.8,12.2,39,Loam,3,0.11,9.29,279.26666,28.54826,182,0.06476,0.77627,619.30548,1.02849,0.15933,347.66418,7.97828,89.23148,89.06037,0.319696935,0.285991059,0.069690284,0.114107365,0.155793503,0.190873795,0.74826516,0.610743085,1.12114471,0.869735888,0.021780106,0.042347179,0.017777186,0.043744122,0.22917825,0.251863452,0.247287757,0.263744031,0.272920289,0.221859574,-0.07257611,0.05564891,0.164486917,0.154449813,0.025404974,0.024062277,0.017623861,1.1178564,0.141091006,0.368517404,0.115915647,2.877031907,0.613493559,0.134547612,-0.12770923,0.47392239,0.226987118,-0.368517404,0.162488543,0.064696207,1.587279004,0.151970134,3.920208952,Weighted_Average,2023-01-01 to 2023-12-31,0.28
1168,15.76373945,36.95343192,280739,1743866,Gash Barka,1,Forto Sawa,Kurmud,1,IF,0.96,AlluvElluvSedts_01,1,Fluvisols,2,54.3,9.8,35.9,Sandy Loam,2,0.44,9.35,276.00418,28.55601,180,0.02374,0.45143,610.89581,0.56166,0.11294,126.41953,8.58322,89.65687,88.5275,0.314810469,0.271045723,0.051978132,0.096342559,0.114789361,0.184706386,0.868125996,0.539513714,1.273923676,1.155720428,0.017795086,0.045418611,0.011059101,0.047133006,0.255177999,0.284787364,0.313801632,0.303677374,0.287704584,0.245896269,0.073106099,0.0747022,0.026682976,0.08737098,0.002331318,0.010029259,0.008417544,1.161466286,0.313050964,0.53020152,0.002193928,1.831603342,0.732170383,0.299750511,-0.001604865,0.531354255,0.464340767,-0.53020152,0.338116404,0.140722926,2.733717026,0.321474586,4.700032385,Weighted_Average,2023-01-01 to 2023-12-31,0.26
1167,15.76810195,36.95324822,280724,1744349,Gash Barka,1,Forto Sawa,Kurmud,1,IF,0.96,AlluvElluvSedts_01,1,Fluvisols,2,45.2,11.6,43.2,Loam,3,0.12,9.43,275.47028,28.5585,181,-0.03833,1.03701,609.4798,1.4081,0.20562,42.17735,7.66413,89.76632,88.82073,0.327191726,0.296584841,0.070390639,0.116018856,0.164553025,0.194354146,0.716595819,0.606717233,1.093526747,0.832787658,0.022548746,0.043898293,0.019091254,0.044026528,0.226527343,0.246585804,0.247980276,0.260157854,0.259049324,0.225867539,-0.089253908,0.049067064,0.183149894,0.172983014,0.031681821,0.028464878,0.020069291,1.103197737,0.126950618,0.362532239,0.128913891,3.127375267,0.601115777,0.121386315,-0.137717847,0.476461706,0.202231554,-0.362532239,0.145715979,0.058991975,1.506993113,0.137135681,3.687062168,Weighted_Average,2023-01-01 to 2023-12-31,0.25
45,15.77994124,37.2206566,309392,1745399,Gash Barka,2,Dghe,Hawashayt,1,CG,0.65,AlluvElluvSedts_01,1,Fluvisols,2,22,47,31,Clay,4,0.1,7.23,282.63474,28.92722,184,-0.0116,1.31253,559.04364,1.78748,0.25188,338.19135,7.42556,89.437,88.4906,0.481398458,0.418490118,0.118255098,0.173369004,0.252145957,0.2850109,0.771006212,0.682100577,1.132091723,0.843728949,0.049412056,0.088893092,0.043714293,0.084189175,0.295389315,0.313711702,0.317680517,0.335148166,0.332606882,0.311893657,-0.136937819,0.06990681,0.212096932,0.185133215,0.039266187,0.046680592,0.032096361,1.150322162,0.085205832,0.293883827,0.151706856,3.858696048,0.557503962,0.084514568,-0.204883305,0.47044099,0.115007923,-0.293883827,0.089794714,0.046339931,1.259907238,0.091885779,2.705181494,Weighted_Average,2023-01-01 to 2023-12-31,0.35
1189,15.80340945,36.96438183,281955,1748245,Gash Barka,1,Forto Sawa,Bresayb,1,IF,0.96,AlluvElluvSedts_01,1,Fluvisols,2,44.3,16.4,39.3,Loam,3,0.21,9.29,268.81668,28.6487,179,-0.04181,1.62967,594.6441,2.16854,0.29833,73.56875,7.23231,89.5842,88.95816,0.37877179,0.31954734,0.088791582,0.134595861,0.183343598,0.222052877,0.798970494,0.659690282,1.149766216,0.974620653,0.029887398,0.060147513,0.024677289,0.05977808,0.269206512,0.29675384,0.308237635,0.323057747,0.327490776,0.270870228,-0.018015252,0.084810007,0.11763457,0.153323959,0.018036198,0.028110966,0.02063677,1.18533858,0.178597398,0.392115265,0.06710037,3.128523244,0.627032959,0.173052622,-0.102668394,0.475635596,0.254065918,-0.392115265,0.191678383,0.088313421,1.681202062,0.188931627,3.598109176,Weighted_Average,2023-01-01 to 2023-12-31,0.25
1188,15.80786474,36.97411788,283003,1748728,Gash Barka,1,Forto Sawa,Hmetayb,1,IF,0.96,AlluvElluvSedts_01,1,Fluvisols,2,51,14.2,34.8,Loam,3,0.19,9.48,267.21085,28.68006,184,0.33514,1.74656,592.86273,1.89559,0.26506,332.32111,7.36684,88.70222,88.7291,0.335929766,0.272361074,0.082733242,0.131471004,0.171724295,0.211485117,0.774993624,0.629288886,0.998075414,1.020553464,0.027804161,0.058897553,0.022576765,0.061345153,0.290068416,0.326155273,0.329158167,0.350275276,0.347843542,0.278495025,0.094422737,0.10450378,0.037610787,0.132763572,0.004993342,0.022798731,0.01745456,1.233398595,0.226029677,0.429167702,-0.009879979,2.65183173,0.657156503,0.218719373,-0.010181509,0.437437794,0.314313005,-0.429167702,0.238217658,0.111322559,1.916782753,0.235942598,3.664530322,Weighted_Average,2023-01-01 to 2023-12-31,0.27
60,15.81567243,37.35344422,323651,1749237,Gash Barka,2,Dghe,Hawashayt,1,CG,0.65,MVSedts_04,1,Fluvisols,2,60,15,25,Sandy Loam,2,0.05,7.18,268.66806,29.26219,176,0.20935,2.04783,482.40924,2.71704,0.36518,153.67191,7.00682,89.09099,89.28233,0.48415815,0.406512181,0.110527364,0.165657886,0.244834987,0.287018694,0.782157843,0.667202553,1.107790877,0.85240671,0.04754691,0.089778599,0.040558846,0.087551539,0.30503776,0.326398115,0.329085512,0.353089821,0.356376635,0.312797043,-0.105256812,0.087177002,0.194080701,0.19288301,0.03743487,0.047224509,0.031952592,1.191005272,0.109890682,0.330328059,0.131013466,3.872350872,0.573399126,0.108751051,-0.190684102,0.490139126,0.146798251,-0.330328059,0.114795166,0.059574118,1.344111463,0.117677043,2.72511115,Weighted_Average,2023-01-01 to 2023-12-31,0.25
1187,15.83885762,36.97512518,283144,1752157,Gash Barka,1,Forto Sawa,Bagoshi,1,IF,0.96,AlluvElluvSedts_01,1,Fluvisols,2,35.3,19.7,45,Loam,3,0.19,9.37,262.74417,28.75065,174,0.49658,2.98211,580.8407,3.46836,0.45669,138.19928,6.76269,88.11818,89.09871,0.319950477,0.26919927,0.076199204,0.119589917,0.161528437,0.190095206,0.749856303,0.637170811,1.061893005,0.962815843,0.02273347,0.046398881,0.019317172,0.046747022,0.245913732,0.274780697,0.280640672,0.296660023,0.319078328,0.244082333,0.020808606,0.086143137,0.093817764,0.149184567,0.013996162,0.02409755,0.01784097,1.188526543,0.178492476,0.402394919,0.042848799,2.933064351,0.634690816,0.171399023,-0.065451855,0.455841063,0.269381631,-0.402394919,0.197805291,0.08422507,1.737407223,0.189635122,3.944635528,Weighted_Average,2023-01-01 to 2023-12-31,0.33
1186,15.84770264,36.98083371,283765,1753130,Gash Barka,1,Forto Sawa,Bagoshi,1,IF,0.96,AlluvElluvSedts_01,1,Fluvisols,2,35.3,25.2,39.5,loam,3,0.2,9.33,260.51971,28.76814,178,-0.00043,1.35842,575.6181,1.89606,0.26512,169.25194,7.36659,89.31066,88.73589,0.371354109,0.32663793,0.092703906,0.146189911,0.196171302,0.229579966,0.742128561,0.634133407,1.055873216,0.870806548,0.033562275,0.061845843,0.028678265,0.06122304,0.266674141,0.28793771,0.292034195,0.303192832,0.301340096,0.269386934,-0.055932268,0.064064025,0.152136562,0.145990227,0.022210451,0.028639093,0.021342298,1.136898306,0.135949099,0.332807535,0.10272066,2.86895213,0.598178834,0.132039968,-0.119567852,0.435062893,0.196357668,-0.332807535,0.147889664,0.067785302,1.488669301,0.145510564,3.232549312,Weighted_Average,2023-01-01 to 2023-12-31,0.18
1185,15.84932685,36.98253512,283949,1753308,Gash Barka,1,Forto Sawa,Bagoshi,1,IF,0.96,AlluvElluvSedts_01,1,Fluvisols,2,45.8,16.4,37.8,Loam,3,0.25,9.21,259.99304,28.77859,181,0.00513,0.78298,573.60754,1.08898,0.16671,44.61019,7.92112,89.69843,89.02322,0.31851192,0.273731874,0.075623446,0.125730745,0.154580993,0.200400188,0.779752918,0.601471393,1.065084966,1.039290258,0.025196465,0.053527394,0.019435583,0.057398229,0.286418038,0.31555724,0.320911203,0.326102141,0.321635237,0.267102512,0.079340583,0.075610832,0.038526173,0.102922014,0.003965191,0.015909787,0.012940461,1.163590909,0.24577348,0.43699536,0.003678366,2.151538786,0.674903196,0.236758155,0.003752261,0.433954663,0.349806392,-0.43699536,0.261734465,0.117613219,2.076006864,0.255763517,3.890978973,Weighted_Average,2023-01-01 to 2023-12-31,0.28
1184,15.85546937,36.98428503,284143,1753986,Gash Barka,1,Forto Sawa,Bagoshi,1,IF,0.96,AlluvElluvSedts_01,1,Fluvisols,2,38.1,28.4,33.5,Clay Loam,4,0.15,9.46,258.55917,28.81131,181,-0.09821,0.39806,571.03546,0.12634,0.11294,231.8013,10.07518,89.80654,89.42825,0.320113279,0.269774173,0.066902524,0.114771158,0.152127207,0.196340146,0.7523362,0.582921054,1.033720715,0.93504401,0.022534186,0.047911339,0.017459816,0.050077109,0.255052828,0.282983834,0.28771251,0.299952832,0.295157302,0.244022124,0.032177159,0.085336798,0.086651542,0.139963571,0.012128059,0.021292267,0.016063781,1.186597205,0.205082047,0.429685389,0.040492291,2.560773523,0.654130355,0.196679185,-0.053306012,0.472176291,0.308260711,-0.429685389,0.226035889,0.095873288,1.891262692,0.216396426,3.831800143,Weighted_Average,2023-01-01 to 2023-12-31,0.17
1183,15.88604264,36.99848031,285696,1757355,Gash Barka,1,Forto Sawa,Bagoshi,1,IF,0.96,AlluvElluvSedts_01,1,Fluvisols,2,46.7,23.5,29.8,Loam,3,0.16,9.69,251.92473,28.88542,180,0.25299,1.32289,558.51703,1.4892,0.21551,55.58481,7.60813,89.26752,89.58286,0.310645729,0.264394883,0.076044873,0.12245086,0.162057302,0.203330887,0.779189067,0.621023593,1.01319384,0.936833764,0.024898042,0.049708012,0.019844056,0.05155817,0.253567821,0.278712944,0.279773095,0.291896809,0.295593484,0.244468574,0.028260046,0.080430573,0.090293891,0.139210211,0.012569832,0.022560031,0.01704641,1.174930943,0.176357411,0.391130943,0.041779037,2.706953933,0.633213779,0.169351526,-0.052289379,0.434533251,0.266427558,-0.391130943,0.195596292,0.083237636,1.726383771,0.187479286,3.832123485,Weighted_Average,2023-01-01 to 2023-12-31,0.28
249,15.88963958,37.43573065,332527,1757354,Gash Barka,2,Dghe,Hawashayt/Dirfa,1,CG,0.65,AlluvElluvSedts_01,1,Fluvisols,2,60,12.2,27.8,Sandy Loam,2,0.34,8.57,257.00418,29.21302,184,0.4404,2.45137,456.59128,2.78288,0.3732,3.86709,6.98288,88.41896,89.36728,0.473386914,0.438769659,0.117227455,0.185909551,0.281580437,0.316382581,0.708496517,0.630561766,0.982566026,0.759563118,0.058818544,0.107312739,0.052348493,0.102662462,0.324488352,0.342319526,0.340947539,0.352185297,0.355182175,0.339186621,-0.125458462,0.037951001,0.222460349,0.204647989,0.045526063,0.05762487,0.038046016,1.078896191,0.073592883,0.294269529,0.153764206,3.785904652,0.547682276,0.073837013,-0.162635112,0.43603656,0.095364553,-0.294269529,0.075865788,0.04197888,1.210835321,0.079330453,2.239366386,Weighted_Average,2023-01-01 to 2023-12-31,0.27
KR40,15.9050145,37.41000399,329785,1759076,Gash Barka,1,Kerke Bet,Afhimbol,2,NF,1,AlluvElluvSedts_01,1,Fluvisols,2,42.5,45,12.5,Clay,4,0.12,8.99,242.26611,29.2625,180,-0.07568,0.42516,437.056,0.33716,0.11294,159.18092,9.09357,89.46525,89.62531,0.169224531,0.084711343,0.032751143,0.061878932,0.042826639,0.100449935,1.241421651,0.529277763,1.046914518,3.184952541,0.006215735,0.025887074,0.002650067,0.029491225,0.293591284,0.35210134,0.356604841,0.373734608,0.372212169,0.25771121,0.61609682,0.332813111,-0.506521682,-0.181960642,0.09216701,-0.007792763,-0.01125953,1.997660823,0.53751647,0.704270816,-0.452966513,-0.308186687,0.892781011,0.530697722,0.356351926,0.46449152,0.785562023,-0.704270816,0.560887638,0.221874694,8.326706152,0.523294228,12.35861079,Weighted_Average,2023-01-01 to 2023-12-31,0.33
166,15.90711108,37.38291664,326886.34,1759330.24,Gash Barka,2,Dghe,Afhimbol,1,CG,0.65,AlluvElluvSedts_01,1,Fluvisols,2,48.8,27.9,23.3,sandy Clay Loam,4,0.05,7.7,248.3075,29.26488,183,-0.00006,1.29856,440.83084,1.74183,0.24631,339.52875,7.45143,89.45045,89.50238,0.401326211,0.318244012,0.09728642,0.140165281,0.196615174,0.230951971,0.815298059,0.694083575,1.123453175,0.924801993,0.032371448,0.060502831,0.027558621,0.058489962,0.253255953,0.275941172,0.280988051,0.304205071,0.320544927,0.261971485,-0.062172842,0.115460863,0.15292752,0.167616297,0.025633145,0.032955907,0.023493985,1.261064453,0.120335711,0.334374108,0.095776714,3.632994016,0.588329467,0.116761748,-0.176367645,0.482299229,0.176658934,-0.334374108,0.132328184,0.059660633,1.429126985,0.129458774,3.530162809,Weighted_Average,2023-01-01 to 2023-12-31,0.23
1182,15.92621968,37.01357482,287355,1761786,Gash Barka,1,Forto Sawa,Idey,1,IF,0.96,AlluvElluvSedts_01,1,Fluvisols,2,48.8,14.2,37,Loam,3,0.16,9.41,245.315,28.94745,181,-0.04224,0.99836,540.633,1.29037,0.19127,245.60089,7.75144,89.33586,89.42117,0.369664987,0.337833108,0.089125635,0.141170437,0.192379584,0.245987765,0.80725994,0.63133356,1.108669508,0.885128418,0.0347262,0.066346787,0.02715831,0.069735238,0.283490678,0.305916418,0.297580627,0.319019216,0.327163409,0.269715801,-0.06334846,0.044992176,0.156509395,0.15352764,0.024028518,0.029535584,0.021673564,1.094223681,0.149493468,0.356489597,0.106614576,2.967887104,0.60735672,0.145098618,-0.108032723,0.447295821,0.21471344,-0.356489597,0.161857665,0.074388371,1.54684099,0.159401925,3.281707689,Weighted_Average,2023-01-01 to 2023-12-31,0.23
172,15.92786107,37.38588894,327222.35,1761623.79,Gash Barka,2,Dghe,Afhimbol,1,CG,0.65,AlluvElluvSedts_01,1,Fluvisols,2,54.3,25,20.7,sandy Clay Loam,4,0.05,7.6,243.48334,29.22629,179,-0.12027,0.88723,438.52286,1.07739,0.16529,147.41429,7.93182,89.58936,89.57176,0.259681059,0.177081897,0.052265276,0.089285349,0.092240495,0.159018835,1.009159906,0.585373483,1.123791094,1.482897032,0.014198052,0.037157642,0.008235725,0.043310966,0.272363746,0.30798272,0.304501977,0.330019129,0.306411164,0.23366818,0.264585439,0.189116685,-0.139668275,0.016279481,-0.002273727,0.001501627,0.001453519,1.466446113,0.347769153,0.546530104,-0.145073026,1.159651037,0.767505367,0.332590473,0.079443931,0.488286856,0.535010735,-0.546530104,0.381256132,0.150091533,3.301174565,0.355054246,6.346165885,Weighted_Average,2023-01-01 to 2023-12-31,0.17
KR35,15.93146617,37.40618118,329398,1762006,Gash Barka,1,Kerke Bet,Amalayt,2,NF,1,AlluvElluvSedts_01,1,Fluvisols,2,42.5,45,12.5,Clay,4,0.14,8.66,238.43333,29.22976,175,0.00006,2.49878,432.55328,3.34784,0.44202,109.87943,6.79805,88.61227,89.07376,0.18463866,0.101642064,0.039694297,0.070223475,0.054247037,0.113162239,1.179156113,0.565256802,1.059115321,2.781668493,0.007946646,0.030209054,0.003809415,0.033580682,0.296748124,0.357657573,0.366952654,0.385106621,0.376785886,0.266953486,0.566183484,0.289913324,-0.445763163,-0.128355206,0.057216023,-0.00696289,-0.009013549,1.816557565,0.522169702,0.678740578,-0.405836374,-0.04663402,0.871208269,0.511712354,0.330523685,0.448929711,0.742416539,-0.678740578,0.538034727,0.221116262,6.764473665,0.509182135,10.42004933,Weighted_Average,2023-01-01 to 2023-12-31,0.46
251,15.94130357,37.44642771,333715,1763062,Gash Barka,2,Kerke Bet,Hawashayt/Dirfa,1,CG,0.65,Gneisses_03,2,Fluvisols,2,60.1,7.1,32.8,Sandy Loam,2,0.1,9.2,249.08333,29.24121,181,-0.00693,0.95046,451.49243,1.12369,0.17094,247.93852,7.88975,89.68799,89.16611,0.477446587,0.420150069,0.113980966,0.178626458,0.264685714,0.304537171,0.734169527,0.638096771,1.012885805,0.795399306,0.054398396,0.100477651,0.047279872,0.097178905,0.319103593,0.338764711,0.340219114,0.354981576,0.352604304,0.329935588,-0.105121246,0.063833257,0.202483268,0.194127891,0.03930765,0.051382879,0.034676378,1.136371554,0.0955894,0.311446536,0.13730262,3.662498339,0.562434118,0.095302098,-0.167828335,0.455467774,0.124868236,-0.311446536,0.098748755,0.053410179,1.285370139,0.102542858,2.410771482,Weighted_Average,2023-01-01 to 2023-12-31,0.02
194,15.94408335,37.36225003,324705.5,1763438.54,Gash Barka,2,Dghe,Afhimbol,1,CG,0.65,AlluvElluvSedts_01,1,Fluvisols,2,70.1,14.5,15.5,Sandy loam,2,0.1,7.4,244.22028,29.31062,180,-0.12363,0.73454,435.50653,0.8457,0.13704,83.7089,8.17396,89.83028,89.47861,0.45554424,0.420523639,0.116765958,0.182343953,0.266380591,0.30179341,0.725491046,0.640361012,1.010910525,0.774496495,0.055030203,0.097231482,0.04857289,0.09332459,0.309233359,0.326202393,0.321544098,0.337504086,0.340822833,0.322178943,-0.133383432,0.039974758,0.220930517,0.187278897,0.041375624,0.049887463,0.034149174,1.083278555,0.070330846,0.276252125,0.158049432,3.562952331,0.546913753,0.070140285,-0.172438751,0.428288672,0.093827506,-0.276252125,0.073755431,0.03900649,1.207085311,0.076057894,2.403932696,Weighted_Average,2023-01-01 to 2023-12-31,0.12
1181,15.94453127,37.02986893,289119,1763796,Gash Barka,1,Forto Sawa,Idey,1,IF,0.96,AlluvElluvSedts_01,1,Fluvisols,2,61.8,12.5,25.7,Sandy Loam,2,0.18,9.23,242.94167,28.97219,181,0.24902,1.20129,532.05548,1.07907,0.1655,233.87334,7.93027,89.11879,89.61283,0.36916385,0.326562446,0.084153895,0.138003358,0.198462266,0.234336536,0.720023426,0.609795993,1.003397145,0.813648773,0.032339229,0.062054083,0.027388459,0.063028869,0.268967316,0.289756727,0.286031244,0.304288801,0.313860769,0.264807544,-0.066163269,0.061232994,0.172964554,0.179688217,0.031079692,0.035661331,0.024797577,1.130454082,0.124222545,0.349093883,0.11306446,3.245478578,0.590371673,0.120668816,-0.126882216,0.455787535,0.180743346,-0.349093883,0.135872552,0.061920618,1.441237418,0.13342238,3.072604205,Weighted_Average,2023-01-01 to 2023-12-31,0.17
197,15.96416667,37.36241664,324740.8,1765660.67,Gash Barka,2,Dghe,Afhimbol,1,CG,0.65,AlluvElluvSedts_01,1,Fluvisols,2,75,12.3,12.7,Sandy loam,2,0.09,7.6,238.61305,29.29053,183,0.34384,1.57175,428.73914,1.51198,0.21829,335.0108,7.59295,89.04318,89.73653,0.486321775,0.43179863,0.150228658,0.218167085,0.297075954,0.329123809,0.762878469,0.688594513,1.000869183,0.848479098,0.071803982,0.120477068,0.064812195,0.112584995,0.342074902,0.360477866,0.363510633,0.378023083,0.379802948,0.366053944,-0.08586345,0.059385615,0.17313125,0.15314883,0.026514848,0.045496835,0.033412034,1.126269842,0.079984235,0.249869546,0.117062678,3.322952451,0.550284611,0.080707174,-0.144512189,0.380637232,0.100569222,-0.249869546,0.080959987,0.046976412,1.223628599,0.085863494,2.317907269,Weighted_Average,2023-01-01 to 2023-12-31,0.23
1178,15.96604143,37.07129788,293577,1766135,Gash Barka,1,Forto Sawa,Godob,1,IF,0.96,AlluvElluvSedts_01,1,Fluvisols,2,44.7,15.9,39.4,Loam,3,0.11,9.31,238.97917,28.99646,178,-0.05618,1.36236,510.88489,1.67601,0.23829,119.95818,7.48995,89.57684,89.21122,0.349346827,0.308617862,0.080278798,0.129459967,0.175348669,0.213855581,0.756281517,0.620105198,1.091400018,0.874657839,0.027685736,0.052892718,0.022700633,0.053553696,0.250419913,0.273980331,0.273562374,0.288988378,0.286022838,0.247329144,-0.060214151,0.061901446,0.155316499,0.150549218,0.023382777,0.026398605,0.019490097,1.131972159,0.144909338,0.35755439,0.106370294,2.866108638,0.609391055,0.139550279,-0.12166212,0.459239224,0.21878211,-0.35755439,0.161294012,0.069447577,1.560105223,0.155252232,3.536412348,Weighted_Average,2023-01-01 to 2023-12-31,0.22
1179,15.96954168,37.07469237,293944,1766519,Gash Barka,1,Forto Sawa,Godob,1,IF,0.96,AlluvElluvSedts_01,1,Fluvisols,2,44.3,15.9,39.7,Loam,3,0.34,9.4,238.61749,28.99554,179,0.00006,0.71386,511.65491,0.92475,0.14668,141.00748,8.0846,89.50839,89.65553,0.301859986,0.242818708,0.068705718,0.116211491,0.132506273,0.18787157,0.838240101,0.591212772,1.083401701,1.191402103,0.021832835,0.050166299,0.015398752,0.05498702,0.292684091,0.334115039,0.333977646,0.348638138,0.349860402,0.267024428,0.15804354,0.108396526,-0.035164639,0.065515152,-0.002303817,0.008681169,0.007613613,1.243149627,0.304891439,0.483721479,-0.05730916,1.68601271,0.71594675,0.293074726,0.05051236,0.444059223,0.431893501,-0.483721479,0.321590653,0.142461774,2.520466679,0.312687106,4.461771951,Weighted_Average,2023-01-01 to 2023-12-31,0.3
1180,15.97252553,37.06483739,292892,1766859,Gash Barka,1,Forto Sawa,Godob,1,IF,0.96,AlluvElluvSedts_01,1,Fluvisols,2,57.2,11.8,31,Sandy Loam,2,0.16,9.55,239,29.00024,180,0.33722,1.28768,515.09509,0.93161,0.14751,69.87525,8.0772,88.98015,89.72803,0.377025597,0.321922707,0.099643144,0.151342353,0.210001723,0.232182135,0.727935475,0.658395634,1.009289361,0.854139076,0.035138991,0.063254774,0.031782155,0.063024136,0.27144266,0.294497299,0.285372607,0.312797271,0.319457384,0.272436007,-0.060185052,0.078836861,0.160216208,0.162336604,0.026008955,0.034090967,0.024568404,1.171168075,0.105303263,0.30690557,0.102821021,3.269256016,0.576074676,0.102680609,-0.138365397,0.427132728,0.152149353,-0.30690557,0.115004327,0.053295263,1.358906025,0.113581717,3.135191581,Weighted_Average,2023-01-01 to 2023-12-31,0.11
KR34,15.98099531,37.38609551,327290,1767503,Gash Barka,2,Kerke Bet,Amalayt,2,CG,0.65,AlluvElluvSedts_01,1,Fluvisols,2,15,62.5,22.5,Clay,4,0.19,8.67,231.07695,29.23409,182,-0.14502,2.19872,420.03644,2.84918,0.38128,246.16586,6.95934,89.25332,89.022,0.294146169,0.233721472,0.089924985,0.136027696,0.157574901,0.199436871,0.836703218,0.661078496,0.980538387,1.089423707,0.027128938,0.051788852,0.021434551,0.05494276,0.275489479,0.30327089,0.302538029,0.317990521,0.314745608,0.259675415,0.12832697,0.11446941,-0.001488518,0.073389017,-0.000109241,0.011564267,0.009982939,1.258532933,0.215626812,0.379670193,-0.029799899,1.934747888,0.657529943,0.20744053,0.014064156,0.367568759,0.315059886,-0.379670193,0.233768916,0.10250441,1.919963308,0.226478245,4.195328647,Weighted_Average,2023-01-01 to 2023-12-31,0.09
KR32,15.9839543,37.40355188,329161,1767816,Gash Barka,1,Kerke Bet,Amalayt,2,NF,1,AlluvElluvSedts_01,1,Fluvisols,2,40,37.5,22.5,Clay loam,4,0.16,8.36,232.70139,29.26678,178,0.01666,1.29295,424.03082,1.55517,0.22356,132.66861,7.56478,89.31181,89.28137,0.377778484,0.327509797,0.13501122,0.197157979,0.245490119,0.271139826,0.756336052,0.684786998,0.91357832,0.867553842,0.05345738,0.084327313,0.048400336,0.079004813,0.291380332,0.308823673,0.30711285,0.319407269,0.311487337,0.311010426,-0.032140275,0.071273959,0.12892597,0.10918863,0.01407725,0.02680473,0.02152741,1.153487585,0.081241213,0.218047257,0.085378983,2.555419473,0.555756787,0.080349003,-0.103177877,0.314157332,0.111513574,-0.218047257,0.086475547,0.043573852,1.251019195,0.08781478,2.789468678,Weighted_Average,2023-01-01 to 2023-12-31,0.14
1177,15.99324585,37.140662,301030,1769078,Gash Barka,1,Forto Sawa,Jeziret Kejelet,1,RF,0.92,AlluvElluvSedts_01,1,Fluvisols,2,32.6,23.5,43.9,Loam,3,0.15,9.25,233.54277,29.09494,178,0.09149,0.99424,484.96991,1.26878,0.18863,138.25488,7.76831,89.17637,89.6077,0.324942516,0.278073091,0.081377521,0.131265221,0.173239568,0.215272746,0.770365344,0.619947308,0.995099827,0.925677447,0.028257825,0.055685362,0.02274033,0.058035061,0.269588518,0.29558989,0.294247325,0.307538305,0.305956853,0.258673534,0.028260802,0.077725061,0.091527852,0.13784462,0.012616622,0.023880142,0.018094205,1.168550739,0.17690962,0.383025378,0.042949107,2.682753316,0.62942369,0.17069837,-0.04957315,0.424537506,0.258847379,-0.383025378,0.192845075,0.085565406,1.698499531,0.187611467,3.578554918,Weighted_Average,2023-01-01 to 2023-12-31,0.26
KR31,15.99925262,37.40814886,329666,1769505,Gash Barka,1,Kerke Bet,Amalayt,2,NF,1,Gneisses_03,2,Fluvisols,2,67.5,22.5,10,Sandy clay loam,4,0.04,8.6,236.14861,29.28333,181,-0.40396,1.48911,425.00565,1.2073,0.18114,227.4381,7.81798,89.86019,88.99959,0.218023281,0.174750851,0.089125453,0.14077786,0.159177841,0.182054519,0.724079486,0.633092822,0.695030846,0.793036443,0.025629246,0.036300268,0.022408716,0.033584829,0.184476769,0.201092978,0.185360678,0.203610607,0.200800005,0.199392292,0.029462613,0.110171282,0.097700713,0.061342328,0.005993189,0.009764339,0.008635642,1.247623569,0.041761907,0.136699017,0.069561946,1.712453964,0.537996966,0.039331587,-0.080971497,0.215287556,0.075993931,-0.136699017,0.051894624,0.018514061,1.164487948,0.046503805,3.977267302,Weighted_Average,2023-01-01 to 2023-12-31,0.14
KR11,16.00672689,37.48696163,338107,1770269,Gash Barka,2,Kerke Bet,Amalayt,2,CG,0.65,Gneisses_03,2,Fluvisols,2,75,12.5,12.5,Sandy loam,2,0.16,8.18,242.0025,29.22623,180,0.17139,0.80342,453,0.7658,0.12729,186.06577,8.2732,89.47974,89.57635,0.497348084,0.461441967,0.115203345,0.191530391,0.29257991,0.332232957,0.683007705,0.60148859,0.948636829,0.722775699,0.063632708,0.116805519,0.056037945,0.112581123,0.338861996,0.357252162,0.353448866,0.364401278,0.373651278,0.351577158,-0.132524623,0.037449405,0.233397982,0.208732429,0.048717728,0.061070915,0.039978604,1.077812856,0.074026748,0.297109428,0.164333193,3.647803728,0.547110097,0.07457978,-0.169134618,0.44393562,0.094220194,-0.297109428,0.075517101,0.043040852,1.208042161,0.079669409,2.055809608,Weighted_Average,2023-01-01 to 2023-12-31,0.09
KR33,16.01219163,37.41512912,330424,1770931,Gash Barka,1,Kerke Bet,Amalayt,2,IF,0.96,Gneisses_03,2,Fluvisols,2,65,25,10,Sandy clay loam,4,0.07,8.65,236.7175,29.31249,181,-0.13641,0.90786,431.22678,0.85687,0.1384,245.81442,8.16084,89.53672,89.26145,0.43257232,0.397927706,0.113146144,0.182536099,0.265343505,0.300866006,0.702838675,0.619856261,0.929579866,0.746699086,0.054918907,0.096169246,0.048434768,0.092461757,0.307318724,0.323377471,0.317198215,0.332011867,0.333568823,0.319641448,-0.112888499,0.041715367,0.212987872,0.184887646,0.039378826,0.049058736,0.03374867,1.087062581,0.066343538,0.269467418,0.14851428,3.386726014,0.544507293,0.066129974,-0.15387922,0.406491299,0.089014585,-0.269467418,0.069834069,0.036666817,1.195424831,0.071851332,2.336052132,Weighted_Average,2023-01-01 to 2023-12-31,0.1
1175,16.01227034,37.19393738,306751,1771133,Gash Barka,2,Forto Sawa,Kejelay,1,CG,0.65,AlluvElluvSedts_01,1,Fluvisols,2,46.2,14.2,39.6,Loam,3,0.13,9.23,230.8,29.17978,183,0.25085,2.08073,464.8877,2.63239,0.35486,257.35687,7.03847,88.88506,89.42955,0.407907315,0.377422113,0.105141079,0.162518571,0.228407334,0.249872053,0.707745433,0.64694809,1.069022219,0.819375684,0.040608849,0.072283865,0.037120434,0.068936406,0.275886819,0.296181921,0.297972657,0.310388805,0.317342767,0.289283512,-0.1176341,0.038818363,0.200918857,0.168545401,0.033863949,0.038497006,0.027391758,1.08077217,0.094203224,0.294151284,0.145089133,3.296676315,0.566078996,0.092543911,-0.155741292,0.430185149,0.132157992,-0.294151284,0.101351035,0.049190111,1.30456694,0.101666035,2.832431335,Weighted_Average,2023-01-01 to 2023-12-31,0.17
KR06,16.01439529,37.40638432,329490,1771182,Gash Barka,1,Kerke Bet,Amalayt,2,IF,0.96,Gneisses_03,2,Fluvisols,2,72.5,22.5,5,Sandy clay loam,4,0.1,8.72,235.94583,29.31177,180,0.03592,1.05398,431.1553,1.40378,0.2051,66.95488,7.6672,89.46334,89.51186,0.429405519,0.389398442,0.114245289,0.174055118,0.249355546,0.277722601,0.731044297,0.6563742,1.025006641,0.805103577,0.04833904,0.08494357,0.043401609,0.079580551,0.286546903,0.305214013,0.307610759,0.321895466,0.323110004,0.305857607,-0.117340894,0.048860386,0.204503005,0.17784254,0.036369334,0.044346024,0.030954404,1.102740722,0.076407732,0.277278601,0.143708648,3.517995081,0.552296892,0.075678582,-0.165253826,0.423143425,0.104593783,-0.277278601,0.081252372,0.041192656,1.233623089,0.082673231,2.632282338,Weighted_Average,2023-01-01 to 2023-12-31,0.31
KR15,16.01554739,37.4678045,336064,1771260,Gash Barka,2,Kerke Bet,Amalayt,2,CG,0.65,Gneisses_03,2,Fluvisols,2,85,12.5,2.5,Loamy sand,1,0.08,8.19,239.17751,29.26023,182,0,1.24771,445.17233,1.67164,0.23776,247.38147,7.49256,89.6131,89.36452,0.490638268,0.439461271,0.116385608,0.181784026,0.272112746,0.312561228,0.735410424,0.640241117,1.03398749,0.78710999,0.056818638,0.104562474,0.04946575,0.10095506,0.322992908,0.34145271,0.341666087,0.356955026,0.363759574,0.334534373,-0.12519749,0.055023139,0.216755087,0.199007188,0.04313582,0.054152392,0.036176328,1.11645394,0.08717108,0.305438965,0.151203611,3.762413014,0.556659937,0.087149605,-0.178987627,0.459315886,0.113319875,-0.305438965,0.089887882,0.049181639,1.25560486,0.093672108,2.352852363,Weighted_Average,2023-01-01 to 2023-12-31,0.08
301,16.01646745,37.50601655,340154,1771332,Gash Barka,2,Kerke Bet,Afhimbol,1,CG,0.65,Gneisses_03,2,Fluvisols,2,51.1,12.3,36.6,loam,3,0.1,8.3,245.29527,29.17145,182,-0.04333,0.77499,461.40918,1.04949,0.16189,10.98264,7.95806,89.72644,89.33855,0.494550706,0.455800104,0.12012785,0.197393457,0.300434853,0.340402529,0.689530396,0.608570576,0.923283464,0.730642477,0.067193232,0.122782666,0.059303874,0.117964394,0.346543824,0.367229055,0.361913622,0.373616845,0.380085834,0.360698453,-0.114815833,0.04077505,0.221431563,0.206981792,0.045832302,0.062184544,0.040856851,1.085016659,0.073787842,0.294149977,0.150763573,3.667199538,0.546409685,0.074552488,-0.15486586,0.429452642,0.092819371,-0.294149977,0.074759996,0.043472054,1.204632612,0.079337785,2.025632412,Weighted_Average,2023-01-01 to 2023-12-31,0.05
KR01,16.01984281,37.4048927,329335,1771786,Gash Barka,1,Kerke Bet,Amalayt,2,IF,0.96,Gneisses_03,2,Fluvisols,2,60,27.5,12.5,Sandy clay loam,4,0.17,8.39,235.92639,29.31577,180,0.3945,2.02687,428.64365,1.89391,0.26486,210.59537,7.36772,89.04465,89.22731,0.399065877,0.354656927,0.099963019,0.157845821,0.223163342,0.257496241,0.73072558,0.633295313,1.006449211,0.808769462,0.040644706,0.073385832,0.035225401,0.070488171,0.273744466,0.294266111,0.296192804,0.310951824,0.314580135,0.284997682,-0.089827375,0.058919473,0.186518383,0.17143294,0.031975395,0.038257548,0.027059973,1.125216644,0.099669815,0.304703115,0.128042511,3.256888695,0.57030769,0.097720144,-0.147963737,0.433138785,0.14061538,-0.304703115,0.107498052,0.051639628,1.327246677,0.107464102,2.837810668,Weighted_Average,2023-01-01 to 2023-12-31,0.28
1176,16.02031887,37.20542293,307988,1772013,Gash Barka,1,Forto Sawa,Kejelay,1,IF,0.96,AlluvElluvSedts_01,1,Fluvisols,2,51.1,11.8,37.1,Loam,3,0.3,9.02,230.86501,29.17702,186,0.01199,2.2422,459.72446,3.03577,0.40401,331.69812,6.8959,88.97855,89.19733,0.444333929,0.410147865,0.11251758,0.174002064,0.255189333,0.287936435,0.729625648,0.646645092,1.039307171,0.790283614,0.050101534,0.089799958,0.044403471,0.086902153,0.301810199,0.320103779,0.314853574,0.335373338,0.338613572,0.311874243,-0.131440141,0.040007948,0.217776357,0.189163319,0.041195298,0.048272461,0.032914808,1.083350582,0.077393237,0.288124958,0.154993087,3.640902712,0.552333114,0.07684418,-0.17055122,0.43719251,0.104666228,-0.288124958,0.081727033,0.042188989,1.23380382,0.083638105,2.533981668,Weighted_Average,2023-01-01 to 2023-12-31,0.35
KR08,16.02247566,37.44344612,333463,1772046,Gash Barka,1,Kerke Bet,Amalayt,2,RF,0.92,Gneisses_03,2,Fluvisols,2,35,35,30,Clay loam,4,0.11,8.32,235.94806,29.30833,182,0.38721,1.58795,439.99005,1.39675,0.20424,11.98183,7.67222,89.01949,89.63622,0.436004129,0.382302642,0.094371266,0.152168589,0.231047713,0.263443074,0.707131007,0.620175735,1.026172554,0.77073861,0.040087761,0.075645101,0.035158204,0.07219851,0.274057349,0.29365351,0.297255243,0.312405388,0.318488524,0.287140214,-0.125151073,0.065625128,0.220625821,0.20583447,0.045412399,0.047557584,0.031321541,1.140468521,0.089384128,0.322828129,0.154243677,3.729507917,0.562660571,0.087888721,-0.18922211,0.482571754,0.125321143,-0.322828129,0.096189519,0.046815794,1.286553497,0.096577856,2.684189021,Weighted_Average,2023-01-01 to 2023-12-31,0.38
302,16.02295799,37.45390841,334583,1772091,Gash Barka,2,Kerke Bet,Afhimbol,1,CG,0.65,Gneisses_03,2,Fluvisols,2,31,40.9,28.1,Clay,4,0.51,8.8,236,29.2858,186,0.01715,2.32567,440.85123,3.22961,0.42762,324.68576,6.834,89.28751,88.90613,0.488681141,0.457740861,0.118765824,0.191614734,0.295750773,0.331536273,0.694812703,0.61981572,0.959304277,0.736283147,0.063527235,0.116476741,0.056670206,0.112268969,0.338632536,0.354918592,0.350246726,0.36257504,0.364407026,0.351324277,-0.133039339,0.032691843,0.23270193,0.213671337,0.049721733,0.063193463,0.040942576,1.06759344,0.066134306,0.292753783,0.161255527,3.858959459,0.542179694,0.066711412,-0.165013489,0.436672362,0.084359387,-0.292753783,0.067613055,0.038534458,1.184263096,0.071329937,2.095736603,Weighted_Average,2023-01-01 to 2023-12-31,0.07
KR13,16.02389612,37.49046741,338496,1772166,Gash Barka,1,Kerke Bet,Amalayt,2,RF,0.92,Gneisses_03,2,Fluvisols,2,57.5,27.5,15,Sandy clay loam,4,0.07,8.1,243.36749,29.21195,183,0.00009,2.09725,455.16309,2.5934,0.35011,263.59503,7.0534,89.05422,89.4216,0.419138258,0.33132815,0.082611852,0.147582485,0.186084312,0.25684622,0.772628913,0.559767318,0.996680848,0.917835781,0.037906003,0.078368293,0.027462785,0.082875668,0.322666487,0.355630364,0.360257537,0.380218474,0.379428217,0.305117563,0.041830518,0.11700738,0.077626244,0.115390046,0.008957296,0.021472277,0.01702955,1.265024594,0.240988837,0.41878356,0.039099617,2.185207079,0.659399491,0.23440086,-0.075546624,0.479170344,0.318798982,-0.41878356,0.246584887,0.123159069,1.935990914,0.249688797,3.00813815,Weighted_Average,2023-01-01 to 2023-12-31,0.26
KR10,16.02391688,37.4353331,332596,1772212,Gash Barka,1,Kerke Bet,Amalayt,2,IF,0.96,Gneisses_03,2,Fluvisols,2,60,27.5,12.5,Sandy clay loam,4,0.1,8.26,235.925,29.30833,180,-0.02563,0.09551,438,0.06069,0.11294,140.37273,10.30895,89.57032,89.53296,0.34245519,0.284558853,0.073525539,0.121288177,0.170337601,0.208623562,0.742459174,0.606205326,1.012701196,0.922079751,0.025303572,0.054053351,0.020659937,0.057712843,0.276636265,0.304698298,0.300890114,0.319766918,0.315780497,0.259095138,0.027895276,0.092336586,0.09704525,0.168193031,0.016322335,0.028649597,0.020399826,1.203459972,0.190899699,0.425417272,0.040283072,3.053882498,0.638523807,0.184189257,-0.064607723,0.476916821,0.277047613,-0.425417272,0.206823165,0.092314568,1.766433912,0.20163013,3.558846213,Weighted_Average,2023-01-01 to 2023-12-31,0.32
KR07,16.02459068,37.40776113,329646,1772309,Gash Barka,1,Kerke Bet,Amalayt,2,IF,0.96,Gneisses_03,2,Fluvisols,2,72.5,22.5,5,Sandy clay loam,4,0.11,8.55,235.58333,29.31448,182,0.00659,0.79945,429.47662,1.08675,0.16643,358.8522,7.92318,89.59859,89.30722,0.287180381,0.205639494,0.062685843,0.103623797,0.121159628,0.175166211,0.8745857,0.604936748,1.026735464,1.303296419,0.018151388,0.045723714,0.012555021,0.051880363,0.296177912,0.337017398,0.332950808,0.361744807,0.370197354,0.261030446,0.236378772,0.165457791,-0.095285326,0.078012119,-0.00743341,0.009451919,0.008083912,1.39652348,0.326086647,0.525287107,-0.122532795,1.856702873,0.733193473,0.313119403,0.073807651,0.469689412,0.466386946,-0.525287107,0.344874744,0.149758979,2.748034247,0.332966455,4.992890441,Weighted_Average,2023-01-01 to 2023-12-31,0.42
KR09,16.02484577,37.4387834,332966,1772312,Gash Barka,1,Kerke Bet,Amalayt,2,RF,0.92,Gneisses_03,2,Fluvisols,2,60,20,20,Sandy clay loam,4,0.11,8.17,235.58917,29.30833,183,0.21954,3.12819,439.12531,4.16291,0.54122,248.7148,6.58015,88.4955,88.88208,0.439116651,0.393885934,0.100949592,0.160856541,0.240760644,0.275362481,0.717769682,0.627575298,1.02671715,0.773268426,0.044293856,0.08168733,0.038727924,0.078613776,0.285491966,0.303452599,0.303589285,0.317368434,0.319654792,0.296653812,-0.129462162,0.054298411,0.221430834,0.198955885,0.044054968,0.047900747,0.032003355,1.114832018,0.083485896,0.30731839,0.156579297,3.667607105,0.557709791,0.082410765,-0.182477829,0.463787571,0.115419582,-0.30731839,0.089200891,0.044426558,1.260958934,0.090240789,2.606635732,Weighted_Average,2023-01-01 to 2023-12-31,0.11
KR14,16.02557641,37.48139953,337527,1772359,Gash Barka,1,Kerke Bet,Amalayt,2,RF,0.92,Gneisses_03,2,Fluvisols,2,72.5,22.5,5,Sandy clay loam,4,0.06,8.22,241.10139,29.22612,183,0.12585,2.1173,450.31964,2.74516,0.3686,257.00555,6.99653,89.09675,89.29119,0.447398098,0.379728679,0.10239414,0.163811677,0.22894199,0.279311936,0.762595585,0.625072288,1.036759897,0.861030752,0.045754557,0.088085286,0.037503371,0.088562051,0.317072205,0.343507406,0.345921687,0.35857292,0.363692217,0.315365275,-0.046588541,0.081812632,0.151709452,0.165829931,0.025157968,0.037965434,0.027164879,1.178204657,0.154295636,0.357265236,0.096006387,3.120902809,0.601745598,0.151930256,-0.127913627,0.463975599,0.203491195,-0.357265236,0.159185575,0.082717137,1.510957805,0.163248186,2.730264936,Weighted_Average,2023-01-01 to 2023-12-31,0.11
KR02,16.0272944,37.42387807,331373,1772595,Gash Barka,1,Kerke Bet,Amalayt,2,IF,0.96,Gneisses_03,2,Fluvisols,2,72.5,15,12.5,Sandy loam,2,0.1,8.8,235.8775,29.31375,177,-0.06744,2.30241,433.75357,3.1502,0.41795,185.8679,6.8589,89.01939,89.00354,0.407270673,0.356245442,0.095957272,0.158269343,0.225365601,0.264899769,0.71264796,0.606290962,0.958391124,0.824677148,0.041925512,0.081203,0.035668466,0.083193848,0.314057835,0.338530498,0.33480979,0.351967781,0.347965461,0.306542358,-0.031018724,0.066829278,0.148999647,0.174896107,0.026059458,0.039415566,0.027680692,1.143230551,0.14587212,0.358036743,0.088595504,3.153555719,0.59768743,0.143420603,-0.097645587,0.440289498,0.195374861,-0.358036743,0.151968799,0.077388728,1.485629521,0.154848231,2.69025512,Weighted_Average,2023-01-01 to 2023-12-31,0.06
KR05,16.03038665,37.41304172,330216,1772946,Gash Barka,1,Kerke Bet,Amalayt,2,IF,0.96,Gneisses_03,2,Fluvisols,2,57.5,40,2.5,Sandy clay,4,0.13,9,234.75,29.31654,182,0.00003,0.82407,429.65646,1.12145,0.17067,270.43918,7.89174,89.63692,89.16045,0.382754501,0.345332764,0.099156045,0.158893948,0.223650354,0.255984998,0.714260716,0.624039156,0.963562823,0.776018346,0.040674467,0.071194141,0.035536688,0.068915922,0.269218597,0.286437718,0.281838486,0.296323449,0.298880172,0.27811841,-0.101239141,0.051397324,0.197887379,0.169278188,0.033498017,0.037859127,0.02689728,1.108364283,0.079990312,0.27895505,0.139210601,3.168017404,0.557556297,0.078350636,-0.151846345,0.413294922,0.115112594,-0.27895505,0.087436675,0.041145222,1.260174556,0.086805735,2.790244436,Weighted_Average,2023-01-01 to 2023-12-31,0.19
KR23,16.0330305,37.42597302,331602,1773228,Gash Barka,2,Kerke Bet,Amalayt,2,CG,0.65,Gneisses_03,2,Fluvisols,2,87.5,10,2.5,Loamy sand,1,0.07,8.34,234.76083,29.31096,183,0.01175,1.17172,435.18649,1.56399,0.22463,282.40009,7.55913,89.17868,89.42255,0.494142183,0.468333289,0.123318405,0.19467815,0.291386247,0.326239141,0.709214661,0.633447592,1.018114607,0.753750404,0.063511632,0.113115465,0.056726536,0.108250421,0.3318131,0.347050698,0.34297488,0.355925308,0.356988689,0.346725608,-0.154513924,0.026815119,0.239333754,0.19896149,0.0476182,0.057974642,0.038733455,1.055107965,0.063150107,0.275822364,0.174194041,3.710438418,0.540661881,0.063597319,-0.180580841,0.434749119,0.081323761,-0.275822364,0.064943552,0.036478672,1.177045531,0.068217208,2.173910398,Weighted_Average,2023-01-01 to 2023-12-31,0.09
KR22,16.03386531,37.43260149,332312,1773315,Gash Barka,1,Kerke Bet,Amalayt,2,RF,0.92,Gneisses_03,2,Fluvisols,2,82.5,12.5,5,Loamy sand,1,0.06,8.31,234.67917,29.31101,180,0.02802,0.84404,432.83762,1.00808,0.15684,65.58284,7.99832,89.54118,89.41267,0.467482638,0.433212028,0.10564625,0.175353628,0.269204192,0.303065559,0.678256705,0.602475414,0.969522777,0.727887411,0.053143645,0.098569666,0.047205932,0.094846565,0.312957254,0.331004767,0.329158013,0.340301601,0.341696276,0.325242056,-0.136487544,0.038049088,0.235321084,0.211109915,0.049678614,0.056831674,0.03701889,1.079108169,0.075881382,0.304857951,0.166538627,3.692700985,0.550098269,0.07576876,-0.173634907,0.454437662,0.100196538,-0.304857951,0.079056975,0.042393754,1.222707608,0.081877119,2.237986747,Weighted_Average,2023-01-01 to 2023-12-31,0.1
KR21,16.03395026,37.44053486,333161,1773318,Gash Barka,2,Kerke Bet,Amalayt,2,CG,0.65,Gneisses_03,2,Fluvisols,2,82.5,10,7.5,Loamy sand,1,0.09,8.06,235.35001,29.30493,183,0.16122,1.15409,436.53259,1.3645,0.20031,282.04004,7.69558,89.36689,89.50812,0.481207596,0.452461962,0.116935487,0.189423383,0.288219112,0.325402894,0.696965656,0.617323405,0.969107694,0.734706411,0.061638917,0.111620837,0.054595439,0.108106349,0.332223072,0.347995323,0.341143309,0.354797892,0.356153625,0.343023491,-0.140269549,0.030787802,0.235745528,0.206840326,0.048761682,0.059615335,0.039180394,1.063531602,0.065085591,0.285958256,0.16710231,3.725854537,0.542045883,0.065467041,-0.170321801,0.435089077,0.084091765,-0.285958256,0.067046765,0.037423059,1.18362487,0.07029302,2.14185451,Weighted_Average,2023-01-01 to 2023-12-31,0.12
KR04,16.03409408,37.40601295,329467,1773362,Gash Barka,1,Kerke Bet,Amalayt,2,IF,0.96,Gneisses_03,2,Fluvisols,2,65,27.5,7.5,Sandy clay loam,4,0.1,8.54,234.15973,29.31014,183,0.21326,1.39021,429.06546,1.56815,0.22514,320.2901,7.55647,89.11559,89.24721,0.41005661,0.369778437,0.099104466,0.160817268,0.238192631,0.269560137,0.697409554,0.616255128,0.956695667,0.755957168,0.043349925,0.078762707,0.038305488,0.075513749,0.280136931,0.298709745,0.296903633,0.31147928,0.310940052,0.292189742,-0.10930968,0.051649607,0.211122875,0.193918403,0.040940611,0.046189935,0.031185428,1.108925156,0.078550883,0.297312978,0.145248277,3.507595172,0.554860224,0.077436193,-0.160055645,0.436592654,0.109720448,-0.297312978,0.084464563,0.041514948,1.246485383,0.085080495,2.587213236,Weighted_Average,2023-01-01 to 2023-12-31,0.34
KR18,16.03643236,37.4613556,335391,1773576,Gash Barka,2,Kerke Bet,Amalayt,2,CG,0.65,Gneisses_03,2,Fluvisols,2,85,12.5,2.5,Loamy sand,1,0.08,8.4,237.8325,29.27447,179,0,0.79692,441.62604,1.08447,0.16616,180.40576,7.92528,89.49415,89.50668,0.48074759,0.447898027,0.11138974,0.185555379,0.2858959,0.323079908,0.678380987,0.600304562,0.940465494,0.717461214,0.059949215,0.110393795,0.053049522,0.107060394,0.331374349,0.348047756,0.3425485,0.354696137,0.357713169,0.341691922,-0.1332785,0.035373626,0.235621881,0.212833278,0.050148177,0.060848162,0.03949236,1.073341611,0.069813966,0.29727697,0.165087865,3.705849325,0.545073677,0.070160789,-0.16786074,0.44303001,0.090147354,-0.29727697,0.071853639,0.040059437,1.198158139,0.075306235,2.099731273,Weighted_Average,2023-01-01 to 2023-12-31,0.09
KR12,16.03739237,37.52596312,342305,1773632,Gash Barka,2,Kerke Bet,Amalayt,2,CG,0.65,Gneisses_03,2,Fluvisols,2,55,20,25,Sandy clay loam,4,0.09,8.27,242.41667,29.123,180,0.22504,1.40883,464.64926,1.7108,0.24253,210.61203,7.46941,88.97845,89.66428,0.391734811,0.364281512,0.099675007,0.145856389,0.2044023,0.25279837,0.845180186,0.683377721,1.217901508,0.824282657,0.036872257,0.062326881,0.029813381,0.064727817,0.25604523,0.268844545,0.241903379,0.276615037,0.310231202,0.246547796,-0.201882521,0.036313104,0.249494516,0.167150487,0.04170313,0.034165944,0.024379966,1.075362867,0.054115083,0.24769715,0.19790571,3.535476725,0.542012774,0.052397421,-0.236462125,0.457370622,0.084025548,-0.24769715,0.061851769,0.026517267,1.183467011,0.059443391,3.34329761,Weighted_Average,2023-01-01 to 2023-12-31,0.09
KR17,16.03801981,37.4837445,337788,1773734,Gash Barka,2,Kerke Bet,Amalayt,2,CG,0.65,Gneisses_03,2,Fluvisols,2,82.5,12.5,5,Loamy sand,1,0.2,8.35,239.995,29.21519,178,-0.00003,1.61801,448.74457,2.11972,0.29238,98.09705,7.25508,89.32246,89.25475,0.496862702,0.457081828,0.121491012,0.19805822,0.301447017,0.340946605,0.693787799,0.613410603,0.930109849,0.733714165,0.067527278,0.122934276,0.05970406,0.118352355,0.347128709,0.364352931,0.3604449,0.371315227,0.372022698,0.360567531,-0.118206444,0.041701455,0.222975244,0.20698241,0.046151953,0.06239423,0.040994568,1.087032282,0.070777605,0.290753399,0.152324155,3.700602536,0.544567611,0.071540812,-0.159123518,0.429983431,0.089135222,-0.290753399,0.071783019,0.041717803,1.195715597,0.076166142,2.034886955,Weighted_Average,2023-01-01 to 2023-12-31,0.11
KR03,16.03865593,37.41671439,330616,1773858,Gash Barka,1,Kerke Bet,Amalayt,2,IF,0.96,Gneisses_03,2,Fluvisols,2,62.5,30,7.5,Sandy clay loam,4,0.14,8.75,233.51666,29.3087,180,0.2088,1.09063,429.48746,1.17022,0.17661,55.59229,7.84918,89.31739,89.45468,0.415108513,0.382713733,0.097346376,0.162082933,0.24535499,0.276352254,0.676473235,0.600596092,0.936831863,0.721152029,0.044791984,0.081414589,0.039767856,0.078209017,0.283004808,0.299234842,0.29515005,0.307915901,0.31580546,0.294604396,-0.129175927,0.040604008,0.230825339,0.204379741,0.047176023,0.050145589,0.033126468,1.084644939,0.066076176,0.291026943,0.16248945,3.572644008,0.546063456,0.065305215,-0.168894075,0.438373753,0.092126911,-0.291026943,0.071084513,0.035210424,1.202951078,0.071784938,2.447865813,Weighted_Average,2023-01-01 to 2023-12-31,0.1
KR36,16.03965761,37.39223118,327997,1773989,Gash Barka,2,Kerke Bet,Amalayt,2,CG,0.65,AlluvElluvSedts_01,1,Fluvisols,2,55,10,35,Sandy loam,2,1.15,8.34,232.47917,29.26146,177,-0.00446,1.69283,427.15027,1.7754,0.25041,145.50957,7.43234,89.12854,87.01646,0.450140344,0.427734426,0.143584433,0.214445228,0.291594455,0.320291063,0.735455725,0.66956227,0.982168311,0.792621584,0.06868489,0.110560248,0.062531039,0.102799372,0.320956105,0.3336313,0.327557284,0.336609603,0.337848028,0.345186802,-0.132633709,0.025522909,0.208478196,0.152456871,0.031783933,0.044455578,0.032693648,1.052382779,0.044346348,0.208692864,0.153628539,3.177486921,0.529042016,0.044661762,-0.157623033,0.354649763,0.058084033,-0.208692864,0.046156388,0.025429561,1.123331666,0.04820101,2.296210571,Weighted_Average,2023-01-01 to 2023-12-31,0.04
KR16,16.04489426,37.49998234,339531,1774482,Gash Barka,2,Kerke Bet,Amalayt,2,CG,0.65,Gneisses_03,2,Fluvisols,2,77.5,15,7.5,Sandy loam,2,0.07,8.22,238.46666,29.1793,183,0.21524,1.46547,449.62314,1.64523,0.23454,300.80457,7.50849,89.13043,89.74233,0.496412817,0.462362086,0.136626375,0.215055488,0.310106327,0.342765355,0.70221533,0.635307547,0.947230343,0.760040327,0.073713571,0.127162825,0.066690067,0.119445498,0.348475996,0.366105744,0.364490999,0.369881546,0.382966172,0.370990893,-0.118365751,0.035514834,0.213060668,0.180993432,0.038562582,0.056127208,0.038923631,1.073645163,0.064475128,0.25784905,0.149592679,3.423866215,0.540308989,0.065381905,-0.153236419,0.395460103,0.080617977,-0.25784905,0.065162768,0.03845577,1.175374274,0.069451042,2.048676507,Weighted_Average,2023-01-01 to 2023-12-31,0.12
KR30,16.04511049,37.40842062,329734,1774579,Gash Barka,1,Kerke Bet,Amalayt,2,RF,0.92,Gneisses_03,2,Fluvisols,2,80,12.5,7.5,Sandy loam,2,0.03,8.74,233,29.30895,179,-0.01993,1.11486,425.80368,1.46805,0.21293,95.88422,7.62243,89.56384,89.03097,0.455528747,0.420730798,0.123083434,0.192130606,0.275186528,0.309364324,0.720188382,0.640623772,0.979445298,0.774980775,0.059438355,0.10298768,0.052871754,0.097677617,0.315736525,0.33333023,0.330157997,0.344121524,0.345239697,0.33290096,-0.120620792,0.03971192,0.211176997,0.177729246,0.037532328,0.048908694,0.034147228,1.082708348,0.069038622,0.264274176,0.149722867,3.405773294,0.545405109,0.069093373,-0.159568366,0.406692406,0.090810219,-0.264274176,0.071825782,0.038870698,1.199760755,0.074598644,2.327961972,Weighted_Average,2023-01-01 to 2023-12-31,0.27
KR19,16.04784433,37.4522212,334423,1774846,Gash Barka,2,Kerke Bet,Amalayt,2,CG,0.65,Gneisses_03,2,Fluvisols,2,80,17.5,2.5,Sandy loam,2,0.05,8.42,237.4375,29.27396,181,0.14664,1.35461,438.61258,1.49421,0.21612,30.83064,7.60477,89.21338,89.51974,0.469467687,0.44216398,0.117056353,0.189410001,0.281357397,0.317343456,0.697048974,0.618005133,0.971218856,0.736635707,0.060108024,0.106426203,0.053291905,0.102868608,0.32415544,0.339472205,0.331515558,0.34508828,0.343869611,0.335365993,-0.143015831,0.029950372,0.234579849,0.195313856,0.045816695,0.054952998,0.036994398,1.061750185,0.062486082,0.272794364,0.169423475,3.541610489,0.540920521,0.062684106,-0.172228483,0.425052617,0.081841042,-0.272794364,0.064898326,0.035467176,1.178272054,0.067606317,2.196512833,Weighted_Average,2023-01-01 to 2023-12-31,0.11
KR29,16.05134857,37.40751125,329642,1775270,Gash Barka,1,Kerke Bet,Amalayt,2,RF,0.92,Gneisses_03,2,Fluvisols,2,45,25,30,Loam,3,0.05,8.56,231.32083,29.30288,180,-0.108,1.71055,427.18933,2.14759,0.29578,58.56149,7.24202,89.38744,88.76272,0.439198939,0.382379834,0.115854737,0.180819948,0.24913875,0.287036562,0.738181903,0.640718782,0.983379509,0.821465535,0.051901936,0.091685444,0.045049256,0.088866697,0.309600618,0.331879553,0.33059538,0.350908617,0.360771371,0.319420785,-0.072631493,0.069158438,0.171682598,0.158896196,0.027279712,0.0395872,0.028731602,1.148593361,0.105594285,0.292864573,0.115633811,3.103242659,0.570253437,0.104664649,-0.141081269,0.416727613,0.140506873,-0.292864573,0.11011609,0.057598535,1.326952872,0.113162066,2.571734756,Weighted_Average,2023-01-01 to 2023-12-31,0.4
KR28,16.05694519,37.41393426,330334,1775884,Gash Barka,1,Kerke Bet,Amalayt,2,RF,0.92,Gneisses_03,2,Fluvisols,2,77.5,12.5,10,Sandy loam,2,0.05,9,231.00751,29.31579,178,-0.05078,1.75863,423.72537,2.37591,0.32361,194.47235,7.14099,89.42493,88.73367,0.439369951,0.384397677,0.103479855,0.163599249,0.242242024,0.271689616,0.709411227,0.632520351,1.003704269,0.791922874,0.044448217,0.082400702,0.039630613,0.079077463,0.291058097,0.312981696,0.31388461,0.331971061,0.334249683,0.303289846,-0.100980747,0.066732743,0.200454407,0.193777173,0.038843488,0.046940975,0.0317018,1.14300886,0.094502047,0.314744379,0.135319749,3.616219771,0.564412116,0.093382711,-0.16659088,0.45735454,0.128824232,-0.314744379,0.100041784,0.050658959,1.295747968,0.101752835,2.611109092,Weighted_Average,2023-01-01 to 2023-12-31,0.11
321,16.05695978,37.44426252,333579,1775861,Gash Barka,2,Kerke Bet,Afhimbol,1,CG,0.65,Gneisses_03,2,Fluvisols,2,28.9,30.8,40.3,Clay loam,4,0.05,7.5,233.7925,29.28393,184,-0.09641,2.47808,431.18497,3.41852,0.45062,6.03047,6.77716,89.23636,88.71345,0.460387668,0.435072961,0.114517963,0.185608414,0.277145284,0.312345082,0.695349479,0.616986916,0.968568978,0.739229826,0.057973875,0.103715984,0.051440497,0.099830514,0.319616091,0.336104369,0.330548127,0.342308216,0.342004188,0.332055761,-0.136522929,0.028270039,0.230844008,0.197809051,0.045663034,0.054821846,0.036715024,1.05818497,0.066897491,0.280805728,0.16478133,3.57522265,0.543938969,0.067000811,-0.164159394,0.425357462,0.087877937,-0.280805728,0.069562722,0.037761513,1.192688985,0.072316279,2.226221956,Weighted_Average,2023-01-01 to 2023-12-31,0.1
KR20,16.05804569,37.43453396,332539,1775989,Gash Barka,2,Kerke Bet,Amalayt,2,CG,0.65,Gneisses_03,2,Fluvisols,2,75,12.5,12.5,Sandy loam,2,0.05,8.58,234.3575,29.30394,179,0.02512,1.5176,431.63785,2.07269,0.28665,64.26246,7.27752,89.06114,89.28352,0.468807075,0.432020339,0.122435547,0.19315073,0.276402419,0.316205668,0.725168585,0.633886015,0.990771544,0.78640915,0.061075356,0.108429855,0.053387329,0.105563441,0.333844239,0.351422723,0.348522646,0.360670105,0.359678973,0.342909271,-0.106973856,0.040836608,0.201346787,0.177299821,0.035698749,0.049006099,0.03424559,1.085150473,0.089617576,0.286836907,0.140688586,3.35456335,0.557703099,0.089740577,-0.147167571,0.416425855,0.115406199,-0.286836907,0.091881671,0.050996701,1.260924729,0.096166707,2.293344674,Weighted_Average,2023-01-01 to 2023-12-31,0.14
KR27,16.06104476,37.41958436,330942,1776333,Gash Barka,2,Kerke Bet,Amalayt,2,CG,0.65,Gneisses_03,2,Fluvisols,2,67.5,20,12.5,Sandy clay loam,4,0.06,8.99,230.65083,29.30907,177,-0.11786,1.83462,425.23981,2.42766,0.32992,92.39793,7.11944,89.39165,89.11775,0.483726093,0.446010548,0.136744127,0.215335541,0.301647831,0.338164293,0.711902486,0.635028136,0.938940108,0.762713125,0.072818791,0.122516959,0.064955499,0.11636973,0.344121872,0.361266469,0.353782308,0.366054469,0.370041323,0.362300104,-0.115315159,0.040565837,0.207668468,0.166953707,0.034671021,0.050361224,0.035951067,1.084562002,0.062729877,0.243265552,0.148297359,3.196481442,0.539771193,0.063418293,-0.155155202,0.383929741,0.079542385,-0.243265552,0.06393494,0.036864642,1.172832261,0.067681907,2.10519709,Weighted_Average,2023-01-01 to 2023-12-31,0.06
KR37,16.06299948,37.38481913,327224,1776578,Gash Barka,2,Kerke Bet,Amalayt,2,CG,0.65,AlluvElluvSedts_01,1,Fluvisols,2,82.5,12.5,5,Loamy sand,1,0.09,8.43,226.2075,29.2837,178,-0.01953,1.04597,421.32257,1.29304,0.19159,121.27026,7.74937,89.31168,88.04719,0.439106632,0.40930017,0.134985331,0.203539364,0.27985982,0.331514025,0.785596464,0.663190298,0.969928094,0.810782046,0.067476154,0.113424903,0.05696249,0.112508123,0.339376661,0.353498413,0.338190233,0.357523517,0.348983112,0.342142094,-0.095131572,0.035132276,0.18581934,0.157882881,0.029337693,0.044185075,0.032135381,1.07282299,0.072555543,0.248557343,0.128602236,3.226578158,0.547189069,0.072747851,-0.129829932,0.366558369,0.094378138,-0.248557343,0.074970001,0.041245831,1.208427252,0.078257337,2.369723164,Weighted_Average,2023-01-01 to 2023-12-31,0.05
KR26,16.06470104,37.41173247,330105,1776744,Gash Barka,1,Kerke Bet,Amalayt,2,RF,0.92,Gneisses_03,2,Fluvisols,2,65,22.5,12.5,Sandy clay loam,4,0.08,9.02,229.70833,29.29479,180,-0.00674,1.03641,424.31042,1.37633,0.20175,51.64607,7.68695,89.42885,89.27148,0.449959791,0.392025385,0.119213703,0.185015194,0.260560921,0.293315191,0.725344056,0.644345472,0.96944615,0.807117889,0.054267767,0.095733079,0.048207729,0.091172727,0.310835338,0.331708975,0.333060135,0.349582317,0.350995542,0.326382957,-0.081321788,0.068806919,0.1813012,0.169546178,0.030738926,0.044177108,0.031368619,1.147782282,0.092548737,0.285759488,0.121213441,3.296170671,0.56106523,0.092121027,-0.149293336,0.417252023,0.122130461,-0.285759488,0.096201151,0.051264685,1.278242849,0.099439215,2.472916773,Weighted_Average,2023-01-01 to 2023-12-31,0.16
KR25,16.06815482,37.40706913,329609,1777130,Gash Barka,2,Kerke Bet,Amalayt,2,CG,0.65,Gneisses_03,2,Fluvisols,2,60,17.5,22.5,Sandy loam,2,0.07,8.77,228.42833,29.28518,184,-0.58478,3.01322,421.9675,3.11728,0.41394,4.67949,6.86941,89.72755,87.93094,0.48365149,0.448137106,0.147006681,0.229238508,0.316923977,0.354639832,0.717599148,0.641282663,0.906787046,0.764401572,0.081297106,0.133972198,0.07265118,0.127003919,0.358120852,0.373716138,0.363907756,0.377430009,0.373973378,0.377769742,-0.103724996,0.038114208,0.199178308,0.160548319,0.031977743,0.050881612,0.036803857,1.079248927,0.055287384,0.227042225,0.140084634,3.13264066,0.534504692,0.056214093,-0.141280666,0.35687551,0.069009384,-0.227042225,0.055877742,0.033222548,1.148249366,0.059683074,2.023458968,Weighted_Average,2023-01-01 to 2023-12-31,0.07
KR24,16.07204308,37.41955358,330948,1777550,Gash Barka,1,Kerke Bet,Amalayt,2,RF,0.92,Gneisses_03,2,Fluvisols,2,55,15,30,Sandy loam,2,0.06,8.84,228.39999,29.28935,181,0.00049,1.14592,420.11023,1.55928,0.22406,46.30051,7.56214,89.61771,88.88842,0.478496125,0.436884317,0.115374686,0.188477711,0.278815423,0.312014528,0.68502837,0.612139684,0.959180181,0.745536321,0.058807784,0.105952176,0.052550493,0.100813206,0.323104206,0.342434211,0.342578151,0.3539269,0.370137367,0.339574496,-0.120988719,0.045458485,0.219610903,0.193321291,0.042455463,0.053900958,0.036436754,1.095246742,0.079238472,0.290177459,0.154534195,3.471517757,0.551306234,0.079418611,-0.165536758,0.434827273,0.102612469,-0.290177459,0.081601296,0.045087058,1.228691541,0.085290388,2.195501517,Weighted_Average,2023-01-01 to 2023-12-31,0.14
KR39,16.08653048,37.36079336,324674,1779202,Gash Barka,1,Kerke Bet,Afhimbol,2,NF,1,AlluvElluvSedts_01,1,Leptosols,1,40,42.5,17.5,Clay,4,0.17,8.98,213.23222,29.27417,180,-0.24606,1.00532,402.22162,0.68302,0.11719,79.29674,8.38761,89.51714,88.06091,0.190143315,0.121379146,0.038462661,0.066429452,0.065430027,0.111329406,0.985170616,0.579000125,1.074102273,1.587306375,0.007395551,0.019969588,0.004346481,0.022370103,0.200936161,0.232297335,0.235915276,0.254663339,0.266698233,0.17937388,0.320565123,0.220735832,-0.189876869,-0.007579472,0.001439166,-0.000495925,-0.0005035,1.566523755,0.30597935,0.560571452,-0.187303897,0.92852771,0.782873579,0.288030474,0.107431142,0.482178462,0.565747158,-0.560571452,0.369539361,0.120551275,3.605611765,0.319123194,8.849150028,Weighted_Average,2023-01-01 to 2023-12-31,0.31
KR38,16.12693786,37.36933388,325623,1783666,Gash Barka,1,Kerke Bet,Amalayt,2,NF,1,AlluvElluvSedts_01,1,Leptosols,1,80,10,10,Sandy loam,2,0.08,9.19,207.78139,29.24045,182,0.00656,0.7325,389.82266,1.00194,0.15609,4.54794,8.00443,89.64133,87.55392,0.18520953,0.098727112,0.034861254,0.067998935,0.046123286,0.108385833,1.204739555,0.512673525,1.097380107,3.031054184,0.007370121,0.029555994,0.003136334,0.032689305,0.301601275,0.358486861,0.37679051,0.377840658,0.365091435,0.27269241,0.584759398,0.304583509,-0.479425569,-0.191686144,0.091899239,-0.008841195,-0.013034454,1.875974362,0.555748315,0.694242139,-0.423470114,-0.320288434,0.890939273,0.549029696,0.340891398,0.462901569,0.781878545,-0.694242139,0.567266079,0.233817036,8.169203475,0.537429213,11.11528621,Weighted_Average,2023-01-01 to 2023-12-31,0.19
